"../../../Engine/Plugins/Interchange/Runtime/Content/Pipelines/DefaultTexturePipeline.uasset" 0
"../../../Engine/Plugins/Interchange/Runtime/Content/Pipelines/DefaultTexturePipeline.uexp" 1
"../../../Engine/Plugins/Interchange/Runtime/Content/Pipelines/DefaultSceneLevelPipeline.uasset" 2
"../../../Engine/Plugins/Interchange/Runtime/Content/Pipelines/DefaultSceneLevelPipeline.uexp" 3
"../../../Engine/Plugins/Interchange/Runtime/Content/Pipelines/DefaultSceneAssetsPipeline.uasset" 4
"../../../Engine/Plugins/Interchange/Runtime/Content/Pipelines/DefaultSceneAssetsPipeline.uexp" 5
"../../../Engine/Plugins/Interchange/Runtime/Content/Pipelines/DefaultMaterialXPipeline.uasset" 6
"../../../Engine/Plugins/Interchange/Runtime/Content/Pipelines/DefaultMaterialXPipeline.uexp" 7
"../../../Engine/Plugins/Interchange/Runtime/Content/Pipelines/DefaultMaterialPipeline.uasset" 8
"../../../Engine/Plugins/Interchange/Runtime/Content/Pipelines/DefaultMaterialPipeline.uexp" 9
"../../../Engine/Plugins/Interchange/Runtime/Content/Pipelines/DefaultGLTFSceneAssetsPipeline.uasset" 10
"../../../Engine/Plugins/Interchange/Runtime/Content/Pipelines/DefaultGLTFSceneAssetsPipeline.uexp" 11
"../../../Engine/Plugins/Interchange/Runtime/Content/Pipelines/DefaultGLTFPipeline.uasset" 12
"../../../Engine/Plugins/Interchange/Runtime/Content/Pipelines/DefaultGLTFPipeline.uexp" 13
"../../../Engine/Plugins/Interchange/Runtime/Content/Pipelines/DefaultGLTFAssetsPipeline.uasset" 14
"../../../Engine/Plugins/Interchange/Runtime/Content/Pipelines/DefaultGLTFAssetsPipeline.uexp" 15
"../../../Engine/Plugins/Interchange/Runtime/Content/Pipelines/DefaultAssetsPipeline.uasset" 16
"../../../Engine/Plugins/Interchange/Runtime/Content/Pipelines/DefaultAssetsPipeline.uexp" 17
"../../../Engine/Plugins/Experimental/Water/Content/Waves/GerstnerWaves_Ocean.uasset" 18
"../../../Engine/Plugins/Experimental/Water/Content/Waves/GerstnerWaves_Ocean.uexp" 19
"../../../Engine/Plugins/Experimental/Water/Content/Waves/GerstnerWaves_Lake.uasset" 20
"../../../Engine/Plugins/Experimental/Water/Content/Waves/GerstnerWaves_Lake.uexp" 21
"../../../Engine/Plugins/Animation/ControlRig/Content/Controls/DefaultGizmoLibraryNormalized.uasset" 22
"../../../Engine/Plugins/Animation/ControlRig/Content/Controls/DefaultGizmoLibraryNormalized.uexp" 23
"../../../Engine/Plugins/Animation/ACLPlugin/Content/ACLAnimCurveCompressionSettings.uasset" 24
"../../../Engine/Plugins/Animation/ACLPlugin/Content/ACLAnimCurveCompressionSettings.uexp" 25
"../../../Engine/Plugins/Animation/ACLPlugin/Content/ACLAnimBoneCompressionSettings.uasset" 26
"../../../Engine/Plugins/Animation/ACLPlugin/Content/ACLAnimBoneCompressionSettings.uexp" 27
"../../../Engine/Plugins/2D/Paper2D/Content/PlaceholderTextures/DummySpriteTexture.ubulk" 28
"../../../Engine/Plugins/2D/Paper2D/Content/PlaceholderTextures/DummySpriteTexture.uasset" 29
"../../../Engine/Plugins/2D/Paper2D/Content/PlaceholderTextures/DummySpriteTexture.uexp" 30
"../../../Engine/Plugins/2D/Paper2D/Content/DummySprite.uasset" 31
"../../../Engine/Plugins/2D/Paper2D/Content/DummySprite.uexp" 32
"../../../Engine/Plugins/2D/Paper2D/Content/DefaultPaperTerrainMaterial.uasset" 33
"../../../Engine/Plugins/2D/Paper2D/Content/DefaultPaperTerrainMaterial.uexp" 34
"../../../Engine/Content/EngineSounds/Master.uasset" 35
"../../../Engine/Content/EngineSounds/Master.uexp" 36
"../../../Engine/Content/EngineMaterials/DefaultDestructiblePhysicalMaterial.uasset" 37
"../../../Engine/Content/EngineMaterials/DefaultDestructiblePhysicalMaterial.uexp" 38
"../../../Engine/Content/EngineFonts/Faces/RobotoLight.uexp" 39
"../../../Engine/Content/EngineFonts/Faces/RobotoLight.uasset" 40
"../../../Engine/Content/EngineFonts/Faces/RobotoLight.ufont" 41
"../../../Engine/Content/EngineFonts/Faces/RobotoBold.uexp" 42
"../../../Engine/Content/EngineFonts/Faces/RobotoBold.uasset" 43
"../../../Engine/Content/EngineFonts/Faces/RobotoBold.ufont" 44
"../../../Engine/Content/EngineFonts/Faces/RobotoRegular.uexp" 45
"../../../Engine/Content/EngineFonts/Faces/RobotoRegular.uasset" 46
"../../../Engine/Content/EngineFonts/Faces/RobotoRegular.ufont" 47
"../../../Engine/Content/EngineFonts/Faces/DroidSansFallback.uexp" 48
"../../../Engine/Content/EngineFonts/Faces/DroidSansFallback.uasset" 49
"../../../Engine/Content/EngineFonts/Faces/DroidSansFallback.ufont" 50
"../../../Engine/Content/EngineFonts/Faces/RobotoItalic.uexp" 51
"../../../Engine/Content/EngineFonts/Faces/RobotoItalic.uasset" 52
"../../../Engine/Content/EngineFonts/Faces/RobotoItalic.ufont" 53
"../../../Engine/Content/EngineFonts/Faces/RobotoBoldItalic.uexp" 54
"../../../Engine/Content/EngineFonts/Faces/RobotoBoldItalic.uasset" 55
"../../../Engine/Content/EngineFonts/Faces/RobotoBoldItalic.ufont" 56
"../../../Engine/Content/EngineFonts/Roboto.uasset" 57
"../../../Engine/Content/EngineFonts/Roboto.uexp" 58
"../../../Engine/Content/MobileResources/HUD/VirtualJoystick_Background.uasset" 59
"../../../Engine/Content/MobileResources/HUD/VirtualJoystick_Background.uexp" 60
"../../../Engine/Content/MobileResources/HUD/VirtualJoystick_Thumb.uasset" 61
"../../../Engine/Content/MobileResources/HUD/VirtualJoystick_Thumb.uexp" 62
"D:/Unreal Projects/forest1/Content/FirstPerson/Input/MobileControls.uasset" 63
"D:/Unreal Projects/forest1/Content/FirstPerson/Input/MobileControls.uexp" 64
"../../../Engine/Plugins/Experimental/Water/Content/Materials/MPC/MPC_Water.uasset" 65
"../../../Engine/Plugins/Experimental/Water/Content/Materials/MPC/MPC_Water.uexp" 66
"../../../Engine/Content/EditorResources/S_Actor.ubulk" 67
"../../../Engine/Content/EditorResources/S_Actor.uasset" 68
"../../../Engine/Content/EditorResources/S_Actor.uexp" 69
"../../../Engine/Content/EditorResources/S_BoxReflectionCapture.uasset" 70
"../../../Engine/Content/EditorResources/S_BoxReflectionCapture.uexp" 71
"../../../Engine/Content/EngineResources/DefaultTexture.ubulk" 72
"../../../Engine/Content/EngineResources/DefaultTexture.uasset" 73
"../../../Engine/Content/EngineResources/DefaultTexture.uexp" 74
"../../../Engine/Content/EngineResources/DefaultTextureCube.uasset" 75
"../../../Engine/Content/EngineResources/DefaultTextureCube.uexp" 76
"../../../Engine/Content/EngineResources/DefaultVolumeTexture2D.uasset" 77
"../../../Engine/Content/EngineResources/DefaultVolumeTexture2D.uexp" 78
"../../../Engine/Content/EngineResources/DefaultVolumeTexture.uasset" 79
"../../../Engine/Content/EngineResources/DefaultVolumeTexture.uexp" 80
"../../../Engine/Content/EditorResources/S_Trigger.ubulk" 81
"../../../Engine/Content/EditorResources/S_Trigger.uasset" 82
"../../../Engine/Content/EditorResources/S_Trigger.uexp" 83
"../../../Engine/Content/EditorResources/S_TriggerBox.uasset" 84
"../../../Engine/Content/EditorResources/S_TriggerBox.uexp" 85
"../../../Engine/Content/EditorResources/S_TriggerCapsule.uasset" 86
"../../../Engine/Content/EditorResources/S_TriggerCapsule.uexp" 87
"../../../Engine/Content/EditorResources/S_TriggerSphere.uasset" 88
"../../../Engine/Content/EditorResources/S_TriggerSphere.uexp" 89
"../../../Engine/Plugins/Runtime/MeshModelingToolset/Content/Materials/M_DynamicMeshComponentVtxColor.uasset" 90
"../../../Engine/Plugins/Runtime/MeshModelingToolset/Content/Materials/M_DynamicMeshComponentVtxColor.uexp" 91
"../../../Engine/Plugins/Runtime/HairStrands/Content/Materials/HairMeshesDefaultMaterial.uasset" 92
"../../../Engine/Plugins/Runtime/HairStrands/Content/Materials/HairMeshesDefaultMaterial.uexp" 93
"../../../Engine/Plugins/Runtime/HairStrands/Content/Materials/HairDefaultMaterial.uasset" 94
"../../../Engine/Plugins/Runtime/HairStrands/Content/Materials/HairDefaultMaterial.uexp" 95
"../../../Engine/Plugins/Runtime/HairStrands/Content/Materials/HairGroupColors.uasset" 96
"../../../Engine/Plugins/Runtime/HairStrands/Content/Materials/HairGroupColors.uexp" 97
"../../../Engine/Content/Functions/Engine_MaterialFunctions02/Utility/MakeFloat2.uasset" 98
"../../../Engine/Content/Functions/Engine_MaterialFunctions02/Utility/MakeFloat2.uexp" 99
"../../../Engine/Content/Functions/Engine_MaterialFunctions02/Utility/MakeFloat3.uasset" 100
"../../../Engine/Content/Functions/Engine_MaterialFunctions02/Utility/MakeFloat3.uexp" 101
"../../../Engine/Content/EngineMaterials/HairColorMap.uasset" 102
"../../../Engine/Content/EngineMaterials/HairColorMap.uexp" 103
"../../../Engine/Content/EngineMaterials/HairDebugColor.uasset" 104
"../../../Engine/Content/EngineMaterials/HairDebugColor.uexp" 105
"../../../Engine/Plugins/Runtime/HairStrands/Content/Materials/HairDebugMaterial.uasset" 106
"../../../Engine/Plugins/Runtime/HairStrands/Content/Materials/HairDebugMaterial.uexp" 107
"../../../Engine/Plugins/Runtime/HairStrands/Content/Materials/HairCardsDefaultMaterial.uasset" 108
"../../../Engine/Plugins/Runtime/HairStrands/Content/Materials/HairCardsDefaultMaterial.uexp" 109
"../../../Engine/Plugins/Runtime/AudioWidgets/Content/Resources/ScrubHandleDown_Clamped.uasset" 110
"../../../Engine/Plugins/Runtime/AudioWidgets/Content/Resources/ScrubHandleDown_Clamped.uexp" 111
"../../../Engine/Content/Functions/Engine_MaterialFunctions02/Texturing/CustomRotator.uasset" 112
"../../../Engine/Content/Functions/Engine_MaterialFunctions02/Texturing/CustomRotator.uexp" 113
"../../../Engine/Content/Functions/Engine_MaterialFunctions02/Utility/BreakOutFloat2Components.uasset" 114
"../../../Engine/Content/Functions/Engine_MaterialFunctions02/Utility/BreakOutFloat2Components.uexp" 115
"../../../Engine/Content/Functions/Engine_MaterialFunctions01/Texturing/ScaleUVsByCenter.uasset" 116
"../../../Engine/Content/Functions/Engine_MaterialFunctions01/Texturing/ScaleUVsByCenter.uexp" 117
"../../../Engine/Plugins/Runtime/AudioWidgets/Content/AudioMaterialSlate/Functions/MF_SingleLine_Smooth.uasset" 118
"../../../Engine/Plugins/Runtime/AudioWidgets/Content/AudioMaterialSlate/Functions/MF_SingleLine_Smooth.uexp" 119
"../../../Engine/Plugins/Runtime/AudioWidgets/Content/AudioMaterialSlate/Functions/MF_AngleGradient.uasset" 120
"../../../Engine/Plugins/Runtime/AudioWidgets/Content/AudioMaterialSlate/Functions/MF_AngleGradient.uexp" 121
"../../../Engine/Plugins/Runtime/AudioWidgets/Content/AudioMaterialSlate/Functions/MF_SingleLine.uasset" 122
"../../../Engine/Plugins/Runtime/AudioWidgets/Content/AudioMaterialSlate/Functions/MF_SingleLine.uexp" 123
"../../../Engine/Content/Functions/Engine_MaterialFunctions01/Gradient/SphereGradient-2D.uasset" 124
"../../../Engine/Content/Functions/Engine_MaterialFunctions01/Gradient/SphereGradient-2D.uexp" 125
"../../../Engine/Plugins/Runtime/AudioWidgets/Content/AudioMaterialSlate/M_AudioMaterialToggleButton.uasset" 126
"../../../Engine/Plugins/Runtime/AudioWidgets/Content/AudioMaterialSlate/M_AudioMaterialToggleButton.uexp" 127
"../../../Engine/Plugins/Runtime/AudioWidgets/Content/AudioMaterialSlate/MI_AudioMaterialToggleButton.uasset" 128
"../../../Engine/Plugins/Runtime/AudioWidgets/Content/AudioMaterialSlate/MI_AudioMaterialToggleButton.uexp" 129
"../../../Engine/Content/Functions/Engine_MaterialFunctions02/Utility/VectorLength.uasset" 130
"../../../Engine/Content/Functions/Engine_MaterialFunctions02/Utility/VectorLength.uexp" 131
"../../../Engine/Content/Functions/Engine_MaterialFunctions01/Gradient/GeneratedRoundRect.uasset" 132
"../../../Engine/Content/Functions/Engine_MaterialFunctions01/Gradient/GeneratedRoundRect.uexp" 133
"../../../Engine/Plugins/Runtime/AudioWidgets/Content/AudioMaterialSlate/M_AudioMaterialRoundedSlider.uasset" 134
"../../../Engine/Plugins/Runtime/AudioWidgets/Content/AudioMaterialSlate/M_AudioMaterialRoundedSlider.uexp" 135
"../../../Engine/Plugins/Runtime/AudioWidgets/Content/AudioMaterialSlate/MI_AudioMaterialRoundedSlider.uasset" 136
"../../../Engine/Plugins/Runtime/AudioWidgets/Content/AudioMaterialSlate/MI_AudioMaterialRoundedSlider.uexp" 137
"../../../Engine/Plugins/Runtime/AudioWidgets/Content/AudioMaterialSlate/Functions/MF_Lines.uasset" 138
"../../../Engine/Plugins/Runtime/AudioWidgets/Content/AudioMaterialSlate/Functions/MF_Lines.uexp" 139
"../../../Engine/Content/Functions/Engine_MaterialFunctions02/Lerp_3Color.uasset" 140
"../../../Engine/Content/Functions/Engine_MaterialFunctions02/Lerp_3Color.uexp" 141
"../../../Engine/Plugins/Runtime/AudioWidgets/Content/AudioMaterialSlate/M_AudioMaterialMeter.uasset" 142
"../../../Engine/Plugins/Runtime/AudioWidgets/Content/AudioMaterialSlate/M_AudioMaterialMeter.uexp" 143
"../../../Engine/Plugins/Runtime/AudioWidgets/Content/AudioMaterialSlate/MI_AudioMaterialMeter.uasset" 144
"../../../Engine/Plugins/Runtime/AudioWidgets/Content/AudioMaterialSlate/MI_AudioMaterialMeter.uexp" 145
"../../../Engine/Plugins/Runtime/AudioWidgets/Content/AudioMaterialSlate/M_AudioMaterialKnob.uasset" 146
"../../../Engine/Plugins/Runtime/AudioWidgets/Content/AudioMaterialSlate/M_AudioMaterialKnob.uexp" 147
"../../../Engine/Plugins/Runtime/AudioWidgets/Content/AudioMaterialSlate/MI_AudioMaterialKnob.uasset" 148
"../../../Engine/Plugins/Runtime/AudioWidgets/Content/AudioMaterialSlate/MI_AudioMaterialKnob.uexp" 149
"../../../Engine/Plugins/Runtime/AudioWidgets/Content/AudioMaterialSlate/Functions/MF_DotOutlined.uasset" 150
"../../../Engine/Plugins/Runtime/AudioWidgets/Content/AudioMaterialSlate/Functions/MF_DotOutlined.uexp" 151
"../../../Engine/Plugins/Runtime/AudioWidgets/Content/AudioMaterialSlate/M_AudioMaterialEnvelope_ADSR.uasset" 152
"../../../Engine/Plugins/Runtime/AudioWidgets/Content/AudioMaterialSlate/M_AudioMaterialEnvelope_ADSR.uexp" 153
"../../../Engine/Plugins/Runtime/AudioWidgets/Content/AudioMaterialSlate/MI_AudioMaterialEnvelope_ADSR.uasset" 154
"../../../Engine/Plugins/Runtime/AudioWidgets/Content/AudioMaterialSlate/MI_AudioMaterialEnvelope_ADSR.uexp" 155
"../../../Engine/Plugins/NNE/NNEDenoiser/Content/NNEDTOM_Output_Default.uasset" 156
"../../../Engine/Plugins/NNE/NNEDenoiser/Content/NNEDTOM_Output_Default.uexp" 157
"../../../Engine/Plugins/NNE/NNEDenoiser/Content/NNEDTOM_Output_Alpha.uasset" 158
"../../../Engine/Plugins/NNE/NNEDenoiser/Content/NNEDTOM_Output_Alpha.uexp" 159
"../../../Engine/Plugins/NNE/NNEDenoiser/Content/NNEDTIM_ColorAlbedoNormal_Default.uasset" 160
"../../../Engine/Plugins/NNE/NNEDenoiser/Content/NNEDTIM_ColorAlbedoNormal_Default.uexp" 161
"../../../Engine/Plugins/NNE/NNEDenoiser/Content/NNEDTIM_ColorAlbedoNormal_Alpha.uasset" 162
"../../../Engine/Plugins/NNE/NNEDenoiser/Content/NNEDTIM_ColorAlbedoNormal_Alpha.uexp" 163
"../../../Engine/Plugins/NNE/NNEDenoiser/Content/NNEDOM_Output_Default.uasset" 164
"../../../Engine/Plugins/NNE/NNEDenoiser/Content/NNEDOM_Output_Default.uexp" 165
"../../../Engine/Plugins/NNE/NNEDenoiser/Content/NNEDOM_Output_Alpha.uasset" 166
"../../../Engine/Plugins/NNE/NNEDenoiser/Content/NNEDOM_Output_Alpha.uexp" 167
"../../../Engine/Plugins/NNE/NNEDenoiser/Content/NNEDIM_HighQuality_Default.uasset" 168
"../../../Engine/Plugins/NNE/NNEDenoiser/Content/NNEDIM_HighQuality_Default.uexp" 169
"../../../Engine/Plugins/NNE/NNEDenoiser/Content/NNEDIM_HighQuality_Alpha.uasset" 170
"../../../Engine/Plugins/NNE/NNEDenoiser/Content/NNEDIM_HighQuality_Alpha.uexp" 171
"../../../Engine/Plugins/NNE/NNEDenoiser/Content/NNEDIM_ColorAlbedoNormal_Default.uasset" 172
"../../../Engine/Plugins/NNE/NNEDenoiser/Content/NNEDIM_ColorAlbedoNormal_Default.uexp" 173
"../../../Engine/Plugins/NNE/NNEDenoiser/Content/NNEDIM_ColorAlbedoNormal_Alpha.uasset" 174
"../../../Engine/Plugins/NNE/NNEDenoiser/Content/NNEDIM_ColorAlbedoNormal_Alpha.uexp" 175
"../../../Engine/Plugins/Interchange/Assets/Content/Functions/MX_UsdPreviewSurface.uasset" 176
"../../../Engine/Plugins/Interchange/Assets/Content/Functions/MX_UsdPreviewSurface.uexp" 177
"../../../Engine/Plugins/Interchange/Assets/Content/Functions/MX_UniformEDF.uasset" 178
"../../../Engine/Plugins/Interchange/Assets/Content/Functions/MX_UniformEDF.uexp" 179
"../../../Engine/Plugins/Interchange/Assets/Content/Functions/MX_TranslucentBSDF.uasset" 180
"../../../Engine/Plugins/Interchange/Assets/Content/Functions/MX_TranslucentBSDF.uexp" 181
"../../../Engine/Plugins/Interchange/Assets/Content/Functions/MX_ThinFilmBSDF.uasset" 182
"../../../Engine/Plugins/Interchange/Assets/Content/Functions/MX_ThinFilmBSDF.uexp" 183
"../../../Engine/Plugins/Interchange/Assets/Content/Functions/MX_SurfaceUnlit.uasset" 184
"../../../Engine/Plugins/Interchange/Assets/Content/Functions/MX_SurfaceUnlit.uexp" 185
"../../../Engine/Plugins/Interchange/Assets/Content/Functions/MX_Surface.uasset" 186
"../../../Engine/Plugins/Interchange/Assets/Content/Functions/MX_Surface.uexp" 187
"../../../Engine/Plugins/Interchange/Assets/Content/Functions/MX_SubsurfaceBSDF.uasset" 188
"../../../Engine/Plugins/Interchange/Assets/Content/Functions/MX_SubsurfaceBSDF.uexp" 189
"../../../Engine/Plugins/Interchange/Assets/Content/Functions/MX_SheenBSDF.uasset" 190
"../../../Engine/Plugins/Interchange/Assets/Content/Functions/MX_SheenBSDF.uexp" 191
"../../../Engine/Plugins/Interchange/Assets/Content/Functions/MX_OrenNayarBSDF.uasset" 192
"../../../Engine/Plugins/Interchange/Assets/Content/Functions/MX_OrenNayarBSDF.uexp" 193
"../../../Engine/Plugins/Interchange/Assets/Content/Utilities/New_LUT.uasset" 194
"../../../Engine/Plugins/Interchange/Assets/Content/Utilities/New_LUT.uexp" 195
"../../../Engine/Content/Functions/Engine_MaterialFunctions03/Math/RemapValueRange.uasset" 196
"../../../Engine/Content/Functions/Engine_MaterialFunctions03/Math/RemapValueRange.uexp" 197
"../../../Engine/Plugins/Interchange/Assets/Content/Functions/MF_Iridescence.uasset" 198
"../../../Engine/Plugins/Interchange/Assets/Content/Functions/MF_Iridescence.uexp" 199
"../../../Engine/Plugins/Interchange/Assets/Content/Functions/MX_StandardSurface.uasset" 200
"../../../Engine/Plugins/Interchange/Assets/Content/Functions/MX_StandardSurface.uexp" 201
"../../../Engine/Plugins/Interchange/Assets/Content/Functions/MX_TransmissionSurface.uasset" 202
"../../../Engine/Plugins/Interchange/Assets/Content/Functions/MX_TransmissionSurface.uexp" 203
"../../../Engine/Plugins/Interchange/Assets/Content/Functions/MX_OpenPBR_Translucent.uasset" 204
"../../../Engine/Plugins/Interchange/Assets/Content/Functions/MX_OpenPBR_Translucent.uexp" 205
"../../../Engine/Plugins/Interchange/Assets/Content/Functions/MX_OpenPBR_Opaque.uasset" 206
"../../../Engine/Plugins/Interchange/Assets/Content/Functions/MX_OpenPBR_Opaque.uexp" 207
"../../../Engine/Plugins/Interchange/Assets/Content/Functions/MX_MeasuredEDF.uasset" 208
"../../../Engine/Plugins/Interchange/Assets/Content/Functions/MX_MeasuredEDF.uexp" 209
"../../../Engine/Plugins/Interchange/Assets/Content/Functions/MX_GeneralizedSchlickBSDF.uasset" 210
"../../../Engine/Plugins/Interchange/Assets/Content/Functions/MX_GeneralizedSchlickBSDF.uexp" 211
"../../../Engine/Plugins/Interchange/Assets/Content/Functions/MX_DielectricBSDF.uasset" 212
"../../../Engine/Plugins/Interchange/Assets/Content/Functions/MX_DielectricBSDF.uexp" 213
"../../../Engine/Plugins/Interchange/Assets/Content/Functions/MX_ConicalEDF.uasset" 214
"../../../Engine/Plugins/Interchange/Assets/Content/Functions/MX_ConicalEDF.uexp" 215
"../../../Engine/Plugins/Interchange/Assets/Content/Functions/MX_ConductorBSDF.uasset" 216
"../../../Engine/Plugins/Interchange/Assets/Content/Functions/MX_ConductorBSDF.uexp" 217
"../../../Engine/Plugins/Interchange/Assets/Content/Functions/MX_BurleyDiffuseBSDF.uasset" 218
"../../../Engine/Plugins/Interchange/Assets/Content/Functions/MX_BurleyDiffuseBSDF.uexp" 219
"../../../Engine/Plugins/Interchange/Assets/Content/Functions/MX_AnisotropicVDF.uasset" 220
"../../../Engine/Plugins/Interchange/Assets/Content/Functions/MX_AnisotropicVDF.uexp" 221
"../../../Engine/Plugins/Interchange/Assets/Content/Functions/MX_AbsorptionVDF.uasset" 222
"../../../Engine/Plugins/Interchange/Assets/Content/Functions/MX_AbsorptionVDF.uexp" 223
"../../../Engine/Plugins/Experimental/Water/Content/Icons/WaterZoneActorSprite.ubulk" 224
"../../../Engine/Plugins/Experimental/Water/Content/Icons/WaterZoneActorSprite.uasset" 225
"../../../Engine/Plugins/Experimental/Water/Content/Icons/WaterZoneActorSprite.uexp" 226
"../../../Engine/Plugins/Experimental/Water/Content/Icons/WaterSprite.uasset" 227
"../../../Engine/Plugins/Experimental/Water/Content/Icons/WaterSprite.uexp" 228
"../../../Engine/Plugins/Experimental/Water/Content/Icons/WaterLandscapeBrushSprite.ubulk" 229
"../../../Engine/Plugins/Experimental/Water/Content/Icons/WaterLandscapeBrushSprite.uasset" 230
"../../../Engine/Plugins/Experimental/Water/Content/Icons/WaterLandscapeBrushSprite.uexp" 231
"../../../Engine/Plugins/Experimental/Water/Content/Icons/WaterErrorSprite.ubulk" 232
"../../../Engine/Plugins/Experimental/Water/Content/Icons/WaterErrorSprite.uasset" 233
"../../../Engine/Plugins/Experimental/Water/Content/Icons/WaterErrorSprite.uexp" 234
"../../../Engine/Plugins/Experimental/Water/Content/Icons/WaterBodyIslandSprite.uasset" 235
"../../../Engine/Plugins/Experimental/Water/Content/Icons/WaterBodyIslandSprite.uexp" 236
"../../../Engine/Plugins/Experimental/Water/Content/Icons/WaterBodyExclusionVolumeSprite.uasset" 237
"../../../Engine/Plugins/Experimental/Water/Content/Icons/WaterBodyExclusionVolumeSprite.uexp" 238
"../../../Engine/Plugins/Experimental/Water/Content/Curves/FloatCurve_WaterBodyIsland.uasset" 239
"../../../Engine/Plugins/Experimental/Water/Content/Curves/FloatCurve_WaterBodyIsland.uexp" 240
"../../../Engine/Plugins/Experimental/Water/Content/Curves/FloatCurve.uasset" 241
"../../../Engine/Plugins/Experimental/Water/Content/Curves/FloatCurve.uexp" 242
"../../../Engine/Plugins/Editor/SpeedTreeImporter/Content/SpeedTree9/game_wind_noise.ubulk" 243
"../../../Engine/Plugins/Editor/SpeedTreeImporter/Content/SpeedTree9/game_wind_noise.uasset" 244
"../../../Engine/Plugins/Editor/SpeedTreeImporter/Content/SpeedTree9/game_wind_noise.uexp" 245
"../../../Engine/Plugins/Editor/SpeedTreeImporter/Content/SpeedTree9/UnpackDirection.uasset" 246
"../../../Engine/Plugins/Editor/SpeedTreeImporter/Content/SpeedTree9/UnpackDirection.uexp" 247
"../../../Engine/Content/Functions/Engine_MaterialFunctions02/ObjectLocalBounds.uasset" 248
"../../../Engine/Content/Functions/Engine_MaterialFunctions02/ObjectLocalBounds.uexp" 249
"../../../Engine/Content/Functions/Engine_MaterialFunctions02/Utility/BreakOutFloat3Components.uasset" 250
"../../../Engine/Content/Functions/Engine_MaterialFunctions02/Utility/BreakOutFloat3Components.uexp" 251
"../../../Engine/Content/Functions/Engine_MaterialFunctions02/UVs/BoundingBoxBased_0-1_UVW.uasset" 252
"../../../Engine/Content/Functions/Engine_MaterialFunctions02/UVs/BoundingBoxBased_0-1_UVW.uexp" 253
"../../../Engine/Plugins/Editor/SpeedTreeImporter/Content/SpeedTree9/UnpackInteger3.uasset" 254
"../../../Engine/Plugins/Editor/SpeedTreeImporter/Content/SpeedTree9/UnpackInteger3.uexp" 255
"../../../Engine/Plugins/Editor/SpeedTreeImporter/Content/SpeedTree9/SpeedTreeCameraFacing.uasset" 256
"../../../Engine/Plugins/Editor/SpeedTreeImporter/Content/SpeedTree9/SpeedTreeCameraFacing.uexp" 257
"../../../Engine/Content/Functions/Engine_MaterialFunctions02/WorldPositionOffset/ObjectScale.uasset" 258
"../../../Engine/Content/Functions/Engine_MaterialFunctions02/WorldPositionOffset/ObjectScale.uexp" 259
"../../../Engine/Content/Functions/Engine_MaterialFunctions02/SafeNormalize.uasset" 260
"../../../Engine/Content/Functions/Engine_MaterialFunctions02/SafeNormalize.uexp" 261
"../../../Engine/Plugins/Editor/SpeedTreeImporter/Content/SpeedTree9/SpeedTreeWindMotion.uasset" 262
"../../../Engine/Plugins/Editor/SpeedTreeImporter/Content/SpeedTree9/SpeedTreeWindMotion.uexp" 263
"../../../Engine/Plugins/Editor/SpeedTreeImporter/Content/SpeedTree9/SpeedTreeBranchMotion.uasset" 264
"../../../Engine/Plugins/Editor/SpeedTreeImporter/Content/SpeedTree9/SpeedTreeBranchMotion.uexp" 265
"../../../Engine/Plugins/Editor/SpeedTreeImporter/Content/SpeedTree9/SpeedTreeWind.uasset" 266
"../../../Engine/Plugins/Editor/SpeedTreeImporter/Content/SpeedTree9/SpeedTreeWind.uexp" 267
"../../../Engine/Plugins/Editor/SpeedTreeImporter/Content/SpeedTree9/EmptyNormal.uasset" 268
"../../../Engine/Plugins/Editor/SpeedTreeImporter/Content/SpeedTree9/EmptyNormal.uexp" 269
"../../../Engine/Plugins/Editor/SpeedTreeImporter/Content/SpeedTree9/Empty.uasset" 270
"../../../Engine/Plugins/Editor/SpeedTreeImporter/Content/SpeedTree9/Empty.uexp" 271
"../../../Engine/Plugins/Editor/SpeedTreeImporter/Content/SpeedTree9/SpeedTreeMaster.uasset" 272
"../../../Engine/Plugins/Editor/SpeedTreeImporter/Content/SpeedTree9/SpeedTreeMaster.uexp" 273
"../../../Engine/Plugins/Editor/SpeedTreeImporter/Content/SpeedTree9/SpeedTreeBillboard.uasset" 274
"../../../Engine/Plugins/Editor/SpeedTreeImporter/Content/SpeedTree9/SpeedTreeBillboard.uexp" 275
"../../../Engine/Plugins/Editor/SpeedTreeImporter/Content/SpeedTree9/SpeedTreeBillboardMaster.uasset" 276
"../../../Engine/Plugins/Editor/SpeedTreeImporter/Content/SpeedTree9/SpeedTreeBillboardMaster.uexp" 277
"../../../Engine/Content/Functions/Engine_MaterialFunctions02/WorldPositionOffset/CameraOffset.uasset" 278
"../../../Engine/Content/Functions/Engine_MaterialFunctions02/WorldPositionOffset/CameraOffset.uexp" 279
"../../../Engine/Plugins/Animation/ControlRig/Content/M_Manip.uasset" 280
"../../../Engine/Plugins/Animation/ControlRig/Content/M_Manip.uexp" 281
"../../../Engine/Content/EngineMaterials/T_Default_Material_Grid_M.ubulk" 282
"../../../Engine/Content/EngineMaterials/T_Default_Material_Grid_M.uasset" 283
"../../../Engine/Content/EngineMaterials/T_Default_Material_Grid_M.uexp" 284
"../../../Engine/Content/EngineMaterials/T_Default_Material_Grid_N.ubulk" 285
"../../../Engine/Content/EngineMaterials/T_Default_Material_Grid_N.uasset" 286
"../../../Engine/Content/EngineMaterials/T_Default_Material_Grid_N.uexp" 287
"../../../Engine/Content/Functions/Engine_MaterialFunctions01/Opacity/CameraDepthFade.uasset" 288
"../../../Engine/Content/Functions/Engine_MaterialFunctions01/Opacity/CameraDepthFade.uexp" 289
"../../../Engine/Content/EngineMaterials/WorldGridMaterial.uasset" 290
"../../../Engine/Content/EngineMaterials/WorldGridMaterial.uexp" 291
"../../../Engine/Plugins/Animation/ControlRig/Content/Controls/ControlRig_Wedge_solid.ubulk" 292
"../../../Engine/Plugins/Animation/ControlRig/Content/Controls/ControlRig_Wedge_solid.uasset" 293
"../../../Engine/Plugins/Animation/ControlRig/Content/Controls/ControlRig_Wedge_solid.uexp" 294
"../../../Engine/Plugins/Animation/ControlRig/Content/Controls/ControlRig_Wedge_3mm.ubulk" 295
"../../../Engine/Plugins/Animation/ControlRig/Content/Controls/ControlRig_Wedge_3mm.uasset" 296
"../../../Engine/Plugins/Animation/ControlRig/Content/Controls/ControlRig_Wedge_3mm.uexp" 297
"../../../Engine/Plugins/Animation/ControlRig/Content/Controls/ControlRig_Wedge_1mm.ubulk" 298
"../../../Engine/Plugins/Animation/ControlRig/Content/Controls/ControlRig_Wedge_1mm.uasset" 299
"../../../Engine/Plugins/Animation/ControlRig/Content/Controls/ControlRig_Wedge_1mm.uexp" 300
"../../../Engine/Plugins/Animation/ControlRig/Content/Controls/ControlRig_Triangle_solid.ubulk" 301
"../../../Engine/Plugins/Animation/ControlRig/Content/Controls/ControlRig_Triangle_solid.uasset" 302
"../../../Engine/Plugins/Animation/ControlRig/Content/Controls/ControlRig_Triangle_solid.uexp" 303
"../../../Engine/Plugins/Animation/ControlRig/Content/Controls/ControlRig_Triangle_3mm.ubulk" 304
"../../../Engine/Plugins/Animation/ControlRig/Content/Controls/ControlRig_Triangle_3mm.uasset" 305
"../../../Engine/Plugins/Animation/ControlRig/Content/Controls/ControlRig_Triangle_3mm.uexp" 306
"../../../Engine/Plugins/Animation/ControlRig/Content/Controls/ControlRig_Triangle_1mm.ubulk" 307
"../../../Engine/Plugins/Animation/ControlRig/Content/Controls/ControlRig_Triangle_1mm.uasset" 308
"../../../Engine/Plugins/Animation/ControlRig/Content/Controls/ControlRig_Triangle_1mm.uexp" 309
"../../../Engine/Plugins/Animation/ControlRig/Content/Controls/ControlRig_Star4_solid.ubulk" 310
"../../../Engine/Plugins/Animation/ControlRig/Content/Controls/ControlRig_Star4_solid.uasset" 311
"../../../Engine/Plugins/Animation/ControlRig/Content/Controls/ControlRig_Star4_solid.uexp" 312
"../../../Engine/Plugins/Animation/ControlRig/Content/Controls/ControlRig_Star4_3mm.ubulk" 313
"../../../Engine/Plugins/Animation/ControlRig/Content/Controls/ControlRig_Star4_3mm.uasset" 314
"../../../Engine/Plugins/Animation/ControlRig/Content/Controls/ControlRig_Star4_3mm.uexp" 315
"../../../Engine/Plugins/Animation/ControlRig/Content/Controls/ControlRig_Star4_1mm.ubulk" 316
"../../../Engine/Plugins/Animation/ControlRig/Content/Controls/ControlRig_Star4_1mm.uasset" 317
"../../../Engine/Plugins/Animation/ControlRig/Content/Controls/ControlRig_Star4_1mm.uexp" 318
"../../../Engine/Plugins/Animation/ControlRig/Content/Controls/ControlRig_Square_solid.ubulk" 319
"../../../Engine/Plugins/Animation/ControlRig/Content/Controls/ControlRig_Square_solid.uasset" 320
"../../../Engine/Plugins/Animation/ControlRig/Content/Controls/ControlRig_Square_solid.uexp" 321
"../../../Engine/Plugins/Animation/ControlRig/Content/Controls/ControlRig_Square_3mm.ubulk" 322
"../../../Engine/Plugins/Animation/ControlRig/Content/Controls/ControlRig_Square_3mm.uasset" 323
"../../../Engine/Plugins/Animation/ControlRig/Content/Controls/ControlRig_Square_3mm.uexp" 324
"../../../Engine/Plugins/Animation/ControlRig/Content/Controls/ControlRig_Square_1mm.ubulk" 325
"../../../Engine/Plugins/Animation/ControlRig/Content/Controls/ControlRig_Square_1mm.uasset" 326
"../../../Engine/Plugins/Animation/ControlRig/Content/Controls/ControlRig_Square_1mm.uexp" 327
"../../../Engine/Plugins/Animation/ControlRig/Content/Controls/ControlRig_Sphere_solid.ubulk" 328
"../../../Engine/Plugins/Animation/ControlRig/Content/Controls/ControlRig_Sphere_solid.uasset" 329
"../../../Engine/Plugins/Animation/ControlRig/Content/Controls/ControlRig_Sphere_solid.uexp" 330
"../../../Engine/Plugins/Animation/ControlRig/Content/Controls/ControlRig_Sphere_3mm.ubulk" 331
"../../../Engine/Plugins/Animation/ControlRig/Content/Controls/ControlRig_Sphere_3mm.uasset" 332
"../../../Engine/Plugins/Animation/ControlRig/Content/Controls/ControlRig_Sphere_3mm.uexp" 333
"../../../Engine/Plugins/Animation/ControlRig/Content/Controls/ControlRig_Sphere_1mm.ubulk" 334
"../../../Engine/Plugins/Animation/ControlRig/Content/Controls/ControlRig_Sphere_1mm.uasset" 335
"../../../Engine/Plugins/Animation/ControlRig/Content/Controls/ControlRig_Sphere_1mm.uexp" 336
"../../../Engine/Plugins/Animation/ControlRig/Content/Controls/ControlRig_RoundedTriangle_solid.ubulk" 337
"../../../Engine/Plugins/Animation/ControlRig/Content/Controls/ControlRig_RoundedTriangle_solid.uasset" 338
"../../../Engine/Plugins/Animation/ControlRig/Content/Controls/ControlRig_RoundedTriangle_solid.uexp" 339
"../../../Engine/Plugins/Animation/ControlRig/Content/Controls/ControlRig_RoundedTriangle_3mm.ubulk" 340
"../../../Engine/Plugins/Animation/ControlRig/Content/Controls/ControlRig_RoundedTriangle_3mm.uasset" 341
"../../../Engine/Plugins/Animation/ControlRig/Content/Controls/ControlRig_RoundedTriangle_3mm.uexp" 342
"../../../Engine/Plugins/Animation/ControlRig/Content/Controls/ControlRig_RoundedTriangle_1mm.ubulk" 343
"../../../Engine/Plugins/Animation/ControlRig/Content/Controls/ControlRig_RoundedTriangle_1mm.uasset" 344
"../../../Engine/Plugins/Animation/ControlRig/Content/Controls/ControlRig_RoundedTriangle_1mm.uexp" 345
"../../../Engine/Plugins/Animation/ControlRig/Content/Controls/ControlRig_RoundedSquare_solid.ubulk" 346
"../../../Engine/Plugins/Animation/ControlRig/Content/Controls/ControlRig_RoundedSquare_solid.uasset" 347
"../../../Engine/Plugins/Animation/ControlRig/Content/Controls/ControlRig_RoundedSquare_solid.uexp" 348
"../../../Engine/Plugins/Animation/ControlRig/Content/Controls/ControlRig_RoundedSquare_3mm.ubulk" 349
"../../../Engine/Plugins/Animation/ControlRig/Content/Controls/ControlRig_RoundedSquare_3mm.uasset" 350
"../../../Engine/Plugins/Animation/ControlRig/Content/Controls/ControlRig_RoundedSquare_3mm.uexp" 351
"../../../Engine/Plugins/Animation/ControlRig/Content/Controls/ControlRig_RoundedSquare_1mm.ubulk" 352
"../../../Engine/Plugins/Animation/ControlRig/Content/Controls/ControlRig_RoundedSquare_1mm.uasset" 353
"../../../Engine/Plugins/Animation/ControlRig/Content/Controls/ControlRig_RoundedSquare_1mm.uexp" 354
"../../../Engine/Plugins/Animation/ControlRig/Content/Controls/ControlRig_QuarterCircle_solid.ubulk" 355
"../../../Engine/Plugins/Animation/ControlRig/Content/Controls/ControlRig_QuarterCircle_solid.uasset" 356
"../../../Engine/Plugins/Animation/ControlRig/Content/Controls/ControlRig_QuarterCircle_solid.uexp" 357
"../../../Engine/Plugins/Animation/ControlRig/Content/Controls/ControlRig_QuarterCircle_3mm.ubulk" 358
"../../../Engine/Plugins/Animation/ControlRig/Content/Controls/ControlRig_QuarterCircle_3mm.uasset" 359
"../../../Engine/Plugins/Animation/ControlRig/Content/Controls/ControlRig_QuarterCircle_3mm.uexp" 360
"../../../Engine/Plugins/Animation/ControlRig/Content/Controls/ControlRig_QuarterCircle_1mm.ubulk" 361
"../../../Engine/Plugins/Animation/ControlRig/Content/Controls/ControlRig_QuarterCircle_1mm.uasset" 362
"../../../Engine/Plugins/Animation/ControlRig/Content/Controls/ControlRig_QuarterCircle_1mm.uexp" 363
"../../../Engine/Plugins/Animation/ControlRig/Content/Controls/ControlRig_Pyramid_solid.ubulk" 364
"../../../Engine/Plugins/Animation/ControlRig/Content/Controls/ControlRig_Pyramid_solid.uasset" 365
"../../../Engine/Plugins/Animation/ControlRig/Content/Controls/ControlRig_Pyramid_solid.uexp" 366
"../../../Engine/Plugins/Animation/ControlRig/Content/Controls/ControlRig_Pyramid_3mm.ubulk" 367
"../../../Engine/Plugins/Animation/ControlRig/Content/Controls/ControlRig_Pyramid_3mm.uasset" 368
"../../../Engine/Plugins/Animation/ControlRig/Content/Controls/ControlRig_Pyramid_3mm.uexp" 369
"../../../Engine/Plugins/Animation/ControlRig/Content/Controls/ControlRig_Pyramid_1mm.ubulk" 370
"../../../Engine/Plugins/Animation/ControlRig/Content/Controls/ControlRig_Pyramid_1mm.uasset" 371
"../../../Engine/Plugins/Animation/ControlRig/Content/Controls/ControlRig_Pyramid_1mm.uexp" 372
"../../../Engine/Plugins/Animation/ControlRig/Content/Controls/ControlRig_Octagon_solid.ubulk" 373
"../../../Engine/Plugins/Animation/ControlRig/Content/Controls/ControlRig_Octagon_solid.uasset" 374
"../../../Engine/Plugins/Animation/ControlRig/Content/Controls/ControlRig_Octagon_solid.uexp" 375
"../../../Engine/Plugins/Animation/ControlRig/Content/Controls/ControlRig_Octagon_3mm.ubulk" 376
"../../../Engine/Plugins/Animation/ControlRig/Content/Controls/ControlRig_Octagon_3mm.uasset" 377
"../../../Engine/Plugins/Animation/ControlRig/Content/Controls/ControlRig_Octagon_3mm.uexp" 378
"../../../Engine/Plugins/Animation/ControlRig/Content/Controls/ControlRig_Octagon_1mm.ubulk" 379
"../../../Engine/Plugins/Animation/ControlRig/Content/Controls/ControlRig_Octagon_1mm.uasset" 380
"../../../Engine/Plugins/Animation/ControlRig/Content/Controls/ControlRig_Octagon_1mm.uexp" 381
"../../../Engine/Plugins/Animation/ControlRig/Content/Controls/ControlRig_Hexagon_solid.ubulk" 382
"../../../Engine/Plugins/Animation/ControlRig/Content/Controls/ControlRig_Hexagon_solid.uasset" 383
"../../../Engine/Plugins/Animation/ControlRig/Content/Controls/ControlRig_Hexagon_solid.uexp" 384
"../../../Engine/Plugins/Animation/ControlRig/Content/Controls/ControlRig_Hexagon_3mm.ubulk" 385
"../../../Engine/Plugins/Animation/ControlRig/Content/Controls/ControlRig_Hexagon_3mm.uasset" 386
"../../../Engine/Plugins/Animation/ControlRig/Content/Controls/ControlRig_Hexagon_3mm.uexp" 387
"../../../Engine/Plugins/Animation/ControlRig/Content/Controls/ControlRig_Hexagon_1mm.ubulk" 388
"../../../Engine/Plugins/Animation/ControlRig/Content/Controls/ControlRig_Hexagon_1mm.uasset" 389
"../../../Engine/Plugins/Animation/ControlRig/Content/Controls/ControlRig_Hexagon_1mm.uexp" 390
"../../../Engine/Plugins/Animation/ControlRig/Content/Controls/ControlRig_HalfCircle_solid.ubulk" 391
"../../../Engine/Plugins/Animation/ControlRig/Content/Controls/ControlRig_HalfCircle_solid.uasset" 392
"../../../Engine/Plugins/Animation/ControlRig/Content/Controls/ControlRig_HalfCircle_solid.uexp" 393
"../../../Engine/Plugins/Animation/ControlRig/Content/Controls/ControlRig_HalfCircle_3mm.ubulk" 394
"../../../Engine/Plugins/Animation/ControlRig/Content/Controls/ControlRig_HalfCircle_3mm.uasset" 395
"../../../Engine/Plugins/Animation/ControlRig/Content/Controls/ControlRig_HalfCircle_3mm.uexp" 396
"../../../Engine/Plugins/Animation/ControlRig/Content/Controls/ControlRig_HalfCircle_1mm.ubulk" 397
"../../../Engine/Plugins/Animation/ControlRig/Content/Controls/ControlRig_HalfCircle_1mm.uasset" 398
"../../../Engine/Plugins/Animation/ControlRig/Content/Controls/ControlRig_HalfCircle_1mm.uexp" 399
"../../../Engine/Plugins/Animation/ControlRig/Content/Controls/ControlRig_Diamond_solid.ubulk" 400
"../../../Engine/Plugins/Animation/ControlRig/Content/Controls/ControlRig_Diamond_solid.uasset" 401
"../../../Engine/Plugins/Animation/ControlRig/Content/Controls/ControlRig_Diamond_solid.uexp" 402
"../../../Engine/Plugins/Animation/ControlRig/Content/Controls/ControlRig_Diamond_3mm.ubulk" 403
"../../../Engine/Plugins/Animation/ControlRig/Content/Controls/ControlRig_Diamond_3mm.uasset" 404
"../../../Engine/Plugins/Animation/ControlRig/Content/Controls/ControlRig_Diamond_3mm.uexp" 405
"../../../Engine/Plugins/Animation/ControlRig/Content/Controls/ControlRig_Diamond_1mm.ubulk" 406
"../../../Engine/Plugins/Animation/ControlRig/Content/Controls/ControlRig_Diamond_1mm.uasset" 407
"../../../Engine/Plugins/Animation/ControlRig/Content/Controls/ControlRig_Diamond_1mm.uexp" 408
"../../../Engine/Plugins/Animation/ControlRig/Content/Controls/ControlRig_Circle_solid.ubulk" 409
"../../../Engine/Plugins/Animation/ControlRig/Content/Controls/ControlRig_Circle_solid.uasset" 410
"../../../Engine/Plugins/Animation/ControlRig/Content/Controls/ControlRig_Circle_solid.uexp" 411
"../../../Engine/Plugins/Animation/ControlRig/Content/Controls/ControlRig_Circle_3mm.ubulk" 412
"../../../Engine/Plugins/Animation/ControlRig/Content/Controls/ControlRig_Circle_3mm.uasset" 413
"../../../Engine/Plugins/Animation/ControlRig/Content/Controls/ControlRig_Circle_3mm.uexp" 414
"../../../Engine/Plugins/Animation/ControlRig/Content/Controls/ControlRig_Circle_1mm.ubulk" 415
"../../../Engine/Plugins/Animation/ControlRig/Content/Controls/ControlRig_Circle_1mm.uasset" 416
"../../../Engine/Plugins/Animation/ControlRig/Content/Controls/ControlRig_Circle_1mm.uexp" 417
"../../../Engine/Plugins/Animation/ControlRig/Content/Controls/ControlRig_Box_solid.ubulk" 418
"../../../Engine/Plugins/Animation/ControlRig/Content/Controls/ControlRig_Box_solid.uasset" 419
"../../../Engine/Plugins/Animation/ControlRig/Content/Controls/ControlRig_Box_solid.uexp" 420
"../../../Engine/Plugins/Animation/ControlRig/Content/Controls/ControlRig_Box_3mm.ubulk" 421
"../../../Engine/Plugins/Animation/ControlRig/Content/Controls/ControlRig_Box_3mm.uasset" 422
"../../../Engine/Plugins/Animation/ControlRig/Content/Controls/ControlRig_Box_3mm.uexp" 423
"../../../Engine/Plugins/Animation/ControlRig/Content/Controls/ControlRig_Box_1mm.ubulk" 424
"../../../Engine/Plugins/Animation/ControlRig/Content/Controls/ControlRig_Box_1mm.uasset" 425
"../../../Engine/Plugins/Animation/ControlRig/Content/Controls/ControlRig_Box_1mm.uexp" 426
"../../../Engine/Plugins/Animation/ControlRig/Content/Controls/ControlRig_Arrow_solid.ubulk" 427
"../../../Engine/Plugins/Animation/ControlRig/Content/Controls/ControlRig_Arrow_solid.uasset" 428
"../../../Engine/Plugins/Animation/ControlRig/Content/Controls/ControlRig_Arrow_solid.uexp" 429
"../../../Engine/Plugins/Animation/ControlRig/Content/Controls/ControlRig_Arrow_3mm.ubulk" 430
"../../../Engine/Plugins/Animation/ControlRig/Content/Controls/ControlRig_Arrow_3mm.uasset" 431
"../../../Engine/Plugins/Animation/ControlRig/Content/Controls/ControlRig_Arrow_3mm.uexp" 432
"../../../Engine/Plugins/Animation/ControlRig/Content/Controls/ControlRig_Arrow_1mm.ubulk" 433
"../../../Engine/Plugins/Animation/ControlRig/Content/Controls/ControlRig_Arrow_1mm.uasset" 434
"../../../Engine/Plugins/Animation/ControlRig/Content/Controls/ControlRig_Arrow_1mm.uexp" 435
"../../../Engine/Plugins/Animation/ControlRig/Content/Controls/ControlRig_Arrow4_solid.ubulk" 436
"../../../Engine/Plugins/Animation/ControlRig/Content/Controls/ControlRig_Arrow4_solid.uasset" 437
"../../../Engine/Plugins/Animation/ControlRig/Content/Controls/ControlRig_Arrow4_solid.uexp" 438
"../../../Engine/Plugins/Animation/ControlRig/Content/Controls/ControlRig_Arrow4_3mm.ubulk" 439
"../../../Engine/Plugins/Animation/ControlRig/Content/Controls/ControlRig_Arrow4_3mm.uasset" 440
"../../../Engine/Plugins/Animation/ControlRig/Content/Controls/ControlRig_Arrow4_3mm.uexp" 441
"../../../Engine/Plugins/Animation/ControlRig/Content/Controls/ControlRig_Arrow4_1mm.ubulk" 442
"../../../Engine/Plugins/Animation/ControlRig/Content/Controls/ControlRig_Arrow4_1mm.uasset" 443
"../../../Engine/Plugins/Animation/ControlRig/Content/Controls/ControlRig_Arrow4_1mm.uexp" 444
"../../../Engine/Plugins/Animation/ControlRig/Content/Controls/ControlRig_Arrow2_solid.ubulk" 445
"../../../Engine/Plugins/Animation/ControlRig/Content/Controls/ControlRig_Arrow2_solid.uasset" 446
"../../../Engine/Plugins/Animation/ControlRig/Content/Controls/ControlRig_Arrow2_solid.uexp" 447
"../../../Engine/Plugins/Animation/ControlRig/Content/Controls/ControlRig_Arrow2_3mm.ubulk" 448
"../../../Engine/Plugins/Animation/ControlRig/Content/Controls/ControlRig_Arrow2_3mm.uasset" 449
"../../../Engine/Plugins/Animation/ControlRig/Content/Controls/ControlRig_Arrow2_3mm.uexp" 450
"../../../Engine/Plugins/Animation/ControlRig/Content/Controls/ControlRig_Arrow2_1mm.ubulk" 451
"../../../Engine/Plugins/Animation/ControlRig/Content/Controls/ControlRig_Arrow2_1mm.uasset" 452
"../../../Engine/Plugins/Animation/ControlRig/Content/Controls/ControlRig_Arrow2_1mm.uexp" 453
"../../../Engine/Plugins/Animation/ControlRig/Content/Controls/ControlRigXRayMaterial.uasset" 454
"../../../Engine/Plugins/Animation/ControlRig/Content/Controls/ControlRigXRayMaterial.uexp" 455
"../../../Engine/Plugins/Animation/ControlRig/Content/Controls/ControlRigGizmoMaterial.uasset" 456
"../../../Engine/Plugins/Animation/ControlRig/Content/Controls/ControlRigGizmoMaterial.uexp" 457
"../../../Engine/Plugins/2D/Paper2D/Content/DefaultSpriteMaterial.uasset" 458
"../../../Engine/Plugins/2D/Paper2D/Content/DefaultSpriteMaterial.uexp" 459
"../../../Engine/Plugins/2D/Paper2D/Content/OpaqueUnlitSpriteMaterial.uasset" 460
"../../../Engine/Plugins/2D/Paper2D/Content/OpaqueUnlitSpriteMaterial.uexp" 461
"../../../Engine/Plugins/2D/Paper2D/Content/MaskedUnlitSpriteMaterial.uasset" 462
"../../../Engine/Plugins/2D/Paper2D/Content/MaskedUnlitSpriteMaterial.uexp" 463
"../../../Engine/Content/EngineMeshes/Sphere.ubulk" 464
"../../../Engine/Content/EngineMeshes/Sphere.uasset" 465
"../../../Engine/Content/EngineMeshes/Sphere.uexp" 466
"../../../Engine/Content/EngineResources/GradientTexture0.uasset" 467
"../../../Engine/Content/EngineResources/GradientTexture0.uexp" 468
"../../../Engine/Content/EngineResources/Black.uasset" 469
"../../../Engine/Content/EngineResources/Black.uexp" 470
"../../../Engine/Content/EngineResources/WhiteSquareTexture.uasset" 471
"../../../Engine/Content/EngineResources/WhiteSquareTexture.uexp" 472
"../../../Engine/Content/EngineMaterials/Widget3DPassThrough.uasset" 473
"../../../Engine/Content/EngineMaterials/Widget3DPassThrough.uexp" 474
"../../../Engine/Content/EngineMaterials/Widget3DPassThrough_Translucent.uasset" 475
"../../../Engine/Content/EngineMaterials/Widget3DPassThrough_Translucent.uexp" 476
"../../../Engine/Content/EngineMaterials/Widget3DPassThrough_Translucent_OneSided.uasset" 477
"../../../Engine/Content/EngineMaterials/Widget3DPassThrough_Translucent_OneSided.uexp" 478
"../../../Engine/Content/EngineMaterials/Widget3DPassThrough_Opaque.uasset" 479
"../../../Engine/Content/EngineMaterials/Widget3DPassThrough_Opaque.uexp" 480
"../../../Engine/Content/EngineMaterials/Widget3DPassThrough_Opaque_OneSided.uasset" 481
"../../../Engine/Content/EngineMaterials/Widget3DPassThrough_Opaque_OneSided.uexp" 482
"../../../Engine/Content/EngineMaterials/Widget3DPassThrough_Masked_OneSided.uasset" 483
"../../../Engine/Content/EngineMaterials/Widget3DPassThrough_Masked_OneSided.uexp" 484
"../../../Engine/Content/EngineMaterials/Widget3DPassThrough_Masked.uasset" 485
"../../../Engine/Content/EngineMaterials/Widget3DPassThrough_Masked.uexp" 486
"../../../Engine/Content/EngineMaterials/WeightMapPlaceholderTexture.uasset" 487
"../../../Engine/Content/EngineMaterials/WeightMapPlaceholderTexture.uexp" 488
"../../../Engine/Content/EngineMaterials/WeightMapArrayPlaceholderTexture.uasset" 489
"../../../Engine/Content/EngineMaterials/WeightMapArrayPlaceholderTexture.uexp" 490
"../../../Engine/Content/EngineMaterials/RemoveSurfaceMaterial.uasset" 491
"../../../Engine/Content/EngineMaterials/RemoveSurfaceMaterial.uexp" 492
"../../../Engine/Content/EngineMaterials/PreintegratedSkinBRDF.uasset" 493
"../../../Engine/Content/EngineMaterials/PreintegratedSkinBRDF.uexp" 494
"../../../Engine/Content/EngineMaterials/PhAT_JointLimitMaterial.uasset" 495
"../../../Engine/Content/EngineMaterials/PhAT_JointLimitMaterial.uexp" 496
"../../../Engine/Content/EngineMaterials/NaniteHiddenSectionMaterial.uasset" 497
"../../../Engine/Content/EngineMaterials/NaniteHiddenSectionMaterial.uexp" 498
"../../../Engine/Content/EngineMaterials/InvalidLightmapSettings.ubulk" 499
"../../../Engine/Content/EngineMaterials/InvalidLightmapSettings.uasset" 500
"../../../Engine/Content/EngineMaterials/InvalidLightmapSettings.uexp" 501
"../../../Engine/Content/EngineMaterials/M_InvalidLightmapSettings.uasset" 502
"../../../Engine/Content/EngineMaterials/M_InvalidLightmapSettings.uexp" 503
"../../../Engine/Content/EngineMaterials/MiniFont.uasset" 504
"../../../Engine/Content/EngineMaterials/MiniFont.uexp" 505
"../../../Engine/Content/EngineMaterials/GizmoMaterial.uasset" 506
"../../../Engine/Content/EngineMaterials/GizmoMaterial.uexp" 507
"../../../Engine/Content/EngineMaterials/BaseFlattenEmissiveMap_VT.uasset" 508
"../../../Engine/Content/EngineMaterials/BaseFlattenEmissiveMap_VT.uexp" 509
"../../../Engine/Content/EngineMaterials/BaseFlattenGrayscaleMap_VT.uasset" 510
"../../../Engine/Content/EngineMaterials/BaseFlattenGrayscaleMap_VT.uexp" 511
"../../../Engine/Content/EngineMaterials/BaseFlattenLinearColor_VT.uasset" 512
"../../../Engine/Content/EngineMaterials/BaseFlattenLinearColor_VT.uexp" 513
"../../../Engine/Content/EngineMaterials/Black_1x1_EXR_Texture_VT.uasset" 514
"../../../Engine/Content/EngineMaterials/Black_1x1_EXR_Texture_VT.uexp" 515
"../../../Engine/Content/EngineMaterials/BaseFlattenDiffuseMap_VT.uasset" 516
"../../../Engine/Content/EngineMaterials/BaseFlattenDiffuseMap_VT.uexp" 517
"../../../Engine/Content/EngineMaterials/BaseFlattenNormalMap_VT.uasset" 518
"../../../Engine/Content/EngineMaterials/BaseFlattenNormalMap_VT.uexp" 519
"../../../Engine/Content/EngineMaterials/FlattenMaterial_WS_Normal_VT.uasset" 520
"../../../Engine/Content/EngineMaterials/FlattenMaterial_WS_Normal_VT.uexp" 521
"../../../Engine/Content/EngineMaterials/FlattenMaterial_VT.uasset" 522
"../../../Engine/Content/EngineMaterials/FlattenMaterial_VT.uexp" 523
"../../../Engine/Content/EngineMaterials/BaseFlattenNormalMap.uasset" 524
"../../../Engine/Content/EngineMaterials/BaseFlattenNormalMap.uexp" 525
"../../../Engine/Content/EngineMaterials/BaseFlattenGrayscaleMap.uasset" 526
"../../../Engine/Content/EngineMaterials/BaseFlattenGrayscaleMap.uexp" 527
"../../../Engine/Content/EngineMaterials/BaseFlattenDiffuseMap.uasset" 528
"../../../Engine/Content/EngineMaterials/BaseFlattenDiffuseMap.uexp" 529
"../../../Engine/Content/Functions/Engine_MaterialFunctions02/PivotPainter2/Black_1x1_EXR_Texture.uasset" 530
"../../../Engine/Content/Functions/Engine_MaterialFunctions02/PivotPainter2/Black_1x1_EXR_Texture.uexp" 531
"../../../Engine/Content/EngineMaterials/BaseFlattenEmissiveMap.uasset" 532
"../../../Engine/Content/EngineMaterials/BaseFlattenEmissiveMap.uexp" 533
"../../../Engine/Content/EngineMaterials/BaseFlattenLinearColor.uasset" 534
"../../../Engine/Content/EngineMaterials/BaseFlattenLinearColor.uexp" 535
"../../../Engine/Content/EngineMaterials/FlattenMaterial.uasset" 536
"../../../Engine/Content/EngineMaterials/FlattenMaterial.uexp" 537
"../../../Engine/Content/EngineMaterials/FastBlueNoise_vec2_128x128x64.uasset" 538
"../../../Engine/Content/EngineMaterials/FastBlueNoise_vec2_128x128x64.uexp" 539
"../../../Engine/Content/EngineMaterials/FastBlueNoise_scalar_128x128x64.uasset" 540
"../../../Engine/Content/EngineMaterials/FastBlueNoise_scalar_128x128x64.uexp" 541
"../../../Engine/Content/EngineMaterials/DefaultWhiteGrid_Low.uasset" 542
"../../../Engine/Content/EngineMaterials/DefaultWhiteGrid_Low.uexp" 543
"../../../Engine/Content/EngineMaterials/EmissiveMeshMaterial.uasset" 544
"../../../Engine/Content/EngineMaterials/EmissiveMeshMaterial.uexp" 545
"../../../Engine/Content/EngineMaterials/DefaultWhiteGrid.ubulk" 546
"../../../Engine/Content/EngineMaterials/DefaultWhiteGrid.uasset" 547
"../../../Engine/Content/EngineMaterials/DefaultWhiteGrid.uexp" 548
"../../../Engine/Content/EngineFonts/RobotoDistanceField.uasset" 549
"../../../Engine/Content/EngineFonts/RobotoDistanceField.uexp" 550
"../../../Engine/Content/EngineMaterials/DefaultTextMaterialOpaque.uasset" 551
"../../../Engine/Content/EngineMaterials/DefaultTextMaterialOpaque.uexp" 552
"../../../Engine/Content/EngineMaterials/DefaultDiffuse.ubulk" 553
"../../../Engine/Content/EngineMaterials/DefaultDiffuse.uasset" 554
"../../../Engine/Content/EngineMaterials/DefaultDiffuse.uexp" 555
"../../../Engine/Content/EngineMaterials/DefaultPostProcessMaterial.uasset" 556
"../../../Engine/Content/EngineMaterials/DefaultPostProcessMaterial.uexp" 557
"../../../Engine/Content/EngineMaterials/DefaultLightFunctionMaterial.uasset" 558
"../../../Engine/Content/EngineMaterials/DefaultLightFunctionMaterial.uexp" 559
"../../../Engine/Content/EngineMaterials/DefaultDeferredDecalMaterial.uasset" 560
"../../../Engine/Content/EngineMaterials/DefaultDeferredDecalMaterial.uexp" 561
"../../../Engine/Content/EngineMaterials/DefaultBokeh.uasset" 562
"../../../Engine/Content/EngineMaterials/DefaultBokeh.uexp" 563
"../../../Engine/Content/EngineMaterials/DefaultBloomKernel.uasset" 564
"../../../Engine/Content/EngineMaterials/DefaultBloomKernel.uexp" 565
"../../../Engine/Content/Functions/Engine_MaterialFunctions02/Utility/CameraDirectionVector.uasset" 566
"../../../Engine/Content/Functions/Engine_MaterialFunctions02/Utility/CameraDirectionVector.uexp" 567
"../../../Engine/Content/EngineDebugMaterials/VolumeToRender.uasset" 568
"../../../Engine/Content/EngineDebugMaterials/VolumeToRender.uexp" 569
"../../../Engine/Content/EngineDebugMaterials/M_VolumeRenderSphereTracePP.uasset" 570
"../../../Engine/Content/EngineDebugMaterials/M_VolumeRenderSphereTracePP.uexp" 571
"../../../Engine/Content/EngineDebugMaterials/M_SimpleUnlitTranslucent.uasset" 572
"../../../Engine/Content/EngineDebugMaterials/M_SimpleUnlitTranslucent.uexp" 573
"../../../Engine/Content/EngineDebugMaterials/DebugMeshMaterial.uasset" 574
"../../../Engine/Content/EngineDebugMaterials/DebugMeshMaterial.uexp" 575
"../../../Engine/Content/EngineDebugMaterials/DebugEditorMaterial.uasset" 576
"../../../Engine/Content/EngineDebugMaterials/DebugEditorMaterial.uexp" 577
"../../../Engine/Content/EngineDamageTypes/DmgTypeBP_Environmental.uasset" 578
"../../../Engine/Content/EngineDamageTypes/DmgTypeBP_Environmental.uexp" 579
"../../../Engine/Content/EditorResources/S_Solver.ubulk" 580
"../../../Engine/Content/EditorResources/S_Solver.uasset" 581
"../../../Engine/Content/EditorResources/S_Solver.uexp" 582
"../../../Engine/Content/EditorResources/EmptyActor.uasset" 583
"../../../Engine/Content/EditorResources/EmptyActor.uexp" 584
"../../../Engine/Content/EditorResources/BSPVertex.uasset" 585
"../../../Engine/Content/EditorResources/BSPVertex.uexp" 586
"../../../Engine/Content/EditorMaterials/PreviewShadowIndicator.ubulk" 587
"../../../Engine/Content/EditorMaterials/PreviewShadowIndicator.uasset" 588
"../../../Engine/Content/EditorMaterials/PreviewShadowIndicator.uexp" 589
"../../../Engine/Content/EditorMaterials/PreviewShadowIndicatorMaterial.uasset" 590
"../../../Engine/Content/EditorMaterials/PreviewShadowIndicatorMaterial.uexp" 591
"../../../Engine/Content/EditorMaterials/PhAT_UnselectedMaterial.uasset" 592
"../../../Engine/Content/EditorMaterials/PhAT_UnselectedMaterial.uexp" 593
"../../../Engine/Content/EditorMaterials/PhAT_NoCollisionMaterial.uasset" 594
"../../../Engine/Content/EditorMaterials/PhAT_NoCollisionMaterial.uexp" 595
"../../../Engine/Content/EditorLandscapeResources/SplineEditorMeshMat.uasset" 596
"../../../Engine/Content/EditorLandscapeResources/SplineEditorMeshMat.uexp" 597
"../../../Engine/Content/EditorLandscapeResources/SplineEditorMesh.ubulk" 598
"../../../Engine/Content/EditorLandscapeResources/SplineEditorMesh.uasset" 599
"../../../Engine/Content/EditorLandscapeResources/SplineEditorMesh.uexp" 600
"../../../Engine/Content/EditorLandscapeResources/DefaultAlphaTexture.uasset" 601
"../../../Engine/Content/EditorLandscapeResources/DefaultAlphaTexture.uexp" 602
"../../../Engine/Content/BasicShapes/Plane.ubulk" 603
"../../../Engine/Content/BasicShapes/Plane.uasset" 604
"../../../Engine/Content/BasicShapes/Plane.uexp" 605
"../../../Engine/Content/EngineMaterials/DefaultMaterial.uasset" 606
"../../../Engine/Content/EngineMaterials/DefaultMaterial.uexp" 607
"../../../Engine/Content/BasicShapes/Cylinder.ubulk" 608
"../../../Engine/Content/BasicShapes/Cylinder.uasset" 609
"../../../Engine/Content/BasicShapes/Cylinder.uexp" 610
"../../../Engine/Content/BasicShapes/Cone.ubulk" 611
"../../../Engine/Content/BasicShapes/Cone.uasset" 612
"../../../Engine/Content/BasicShapes/Cone.uexp" 613
"../../../Engine/Plugins/Interchange/Assets/Content/gltf/Textures/T_White_srgb.uasset" 614
"../../../Engine/Plugins/Interchange/Assets/Content/gltf/Textures/T_White_srgb.uexp" 615
"../../../Engine/Plugins/Interchange/Assets/Content/gltf/MaterialFunctions/MF_BaseColor.uasset" 616
"../../../Engine/Plugins/Interchange/Assets/Content/gltf/MaterialFunctions/MF_BaseColor.uexp" 617
"../../../Engine/Plugins/Interchange/Assets/Content/gltf/MaterialFunctions/MF_RotateV2.uasset" 618
"../../../Engine/Plugins/Interchange/Assets/Content/gltf/MaterialFunctions/MF_RotateV2.uexp" 619
"../../../Engine/Plugins/Interchange/Assets/Content/gltf/MaterialFunctions/MF_TransformUVs.uasset" 620
"../../../Engine/Plugins/Interchange/Assets/Content/gltf/MaterialFunctions/MF_TransformUVs.uexp" 621
"../../../Engine/Plugins/Interchange/Assets/Content/gltf/MaterialBodies/MF_Unlit_Body.uasset" 622
"../../../Engine/Plugins/Interchange/Assets/Content/gltf/MaterialBodies/MF_Unlit_Body.uexp" 623
"../../../Engine/Plugins/Interchange/Assets/Content/gltf/M_Unlit.uasset" 624
"../../../Engine/Plugins/Interchange/Assets/Content/gltf/M_Unlit.uexp" 625
"../../../Engine/Plugins/Interchange/Assets/Content/gltf/MaterialInstances/MI_Unlit_Opaque_DS.uasset" 626
"../../../Engine/Plugins/Interchange/Assets/Content/gltf/MaterialInstances/MI_Unlit_Opaque_DS.uexp" 627
"../../../Engine/Plugins/Interchange/Assets/Content/gltf/MaterialInstances/MI_Unlit_Opaque.uasset" 628
"../../../Engine/Plugins/Interchange/Assets/Content/gltf/MaterialInstances/MI_Unlit_Opaque.uexp" 629
"../../../Engine/Plugins/Interchange/Assets/Content/gltf/MaterialInstances/MI_Unlit_Mask_DS.uasset" 630
"../../../Engine/Plugins/Interchange/Assets/Content/gltf/MaterialInstances/MI_Unlit_Mask_DS.uexp" 631
"../../../Engine/Plugins/Interchange/Assets/Content/gltf/MaterialInstances/MI_Unlit_Mask.uasset" 632
"../../../Engine/Plugins/Interchange/Assets/Content/gltf/MaterialInstances/MI_Unlit_Mask.uexp" 633
"../../../Engine/Plugins/Interchange/Assets/Content/gltf/MaterialInstances/MI_Unlit_Blend_DS.uasset" 634
"../../../Engine/Plugins/Interchange/Assets/Content/gltf/MaterialInstances/MI_Unlit_Blend_DS.uexp" 635
"../../../Engine/Plugins/Interchange/Assets/Content/gltf/MaterialInstances/MI_Unlit_Blend.uasset" 636
"../../../Engine/Plugins/Interchange/Assets/Content/gltf/MaterialInstances/MI_Unlit_Blend.uexp" 637
"../../../Engine/Content/Functions/Engine_MaterialFunctions02/Math/Transform3x3Matrix.uasset" 638
"../../../Engine/Content/Functions/Engine_MaterialFunctions02/Math/Transform3x3Matrix.uexp" 639
"../../../Engine/Content/EngineMaterials/Good64x64TilingNoiseHighFreq.uasset" 640
"../../../Engine/Content/EngineMaterials/Good64x64TilingNoiseHighFreq.uexp" 641
"../../../Engine/Content/Functions/Engine_MaterialFunctions02/Texturing/ScreenAlignedPixelToPixelUVs.uasset" 642
"../../../Engine/Content/Functions/Engine_MaterialFunctions02/Texturing/ScreenAlignedPixelToPixelUVs.uexp" 643
"../../../Engine/Plugins/Interchange/Assets/Content/gltf/MaterialFunctions/MF_Temporal_Blur.uasset" 644
"../../../Engine/Plugins/Interchange/Assets/Content/gltf/MaterialFunctions/MF_Temporal_Blur.uexp" 645
"../../../Engine/Plugins/Interchange/Assets/Content/gltf/MaterialFunctions/MF_Specular.uasset" 646
"../../../Engine/Plugins/Interchange/Assets/Content/gltf/MaterialFunctions/MF_Specular.uexp" 647
"../../../Engine/Plugins/Interchange/Assets/Content/gltf/Textures/T_Anisotropy_Direction_Linear.uasset" 648
"../../../Engine/Plugins/Interchange/Assets/Content/gltf/Textures/T_Anisotropy_Direction_Linear.uexp" 649
"../../../Engine/Plugins/Interchange/Assets/Content/gltf/MaterialFunctions/MF_SpecularAnisotropy.uasset" 650
"../../../Engine/Plugins/Interchange/Assets/Content/gltf/MaterialFunctions/MF_SpecularAnisotropy.uexp" 651
"../../../Engine/Plugins/Interchange/Assets/Content/gltf/Textures/T_White_Linear.uasset" 652
"../../../Engine/Plugins/Interchange/Assets/Content/gltf/Textures/T_White_Linear.uexp" 653
"../../../Engine/Plugins/Interchange/Assets/Content/gltf/MaterialFunctions/MF_MetallicRoughness.uasset" 654
"../../../Engine/Plugins/Interchange/Assets/Content/gltf/MaterialFunctions/MF_MetallicRoughness.uexp" 655
"../../../Engine/Plugins/Interchange/Assets/Content/gltf/Textures/T_Generic_N.uasset" 656
"../../../Engine/Plugins/Interchange/Assets/Content/gltf/Textures/T_Generic_N.uexp" 657
"../../../Engine/Plugins/Interchange/Assets/Content/gltf/MaterialFunctions/MF_ScaleNormal.uasset" 658
"../../../Engine/Plugins/Interchange/Assets/Content/gltf/MaterialFunctions/MF_ScaleNormal.uexp" 659
"../../../Engine/Plugins/Interchange/Assets/Content/gltf/MaterialFunctions/MF_Fresnel_DS.uasset" 660
"../../../Engine/Plugins/Interchange/Assets/Content/gltf/MaterialFunctions/MF_Fresnel_DS.uexp" 661
"../../../Engine/Plugins/Interchange/Assets/Content/gltf/MaterialFunctions/MF_Iridescence.uasset" 662
"../../../Engine/Plugins/Interchange/Assets/Content/gltf/MaterialFunctions/MF_Iridescence.uexp" 663
"../../../Engine/Plugins/Interchange/Assets/Content/gltf/MaterialFunctions/MF_Occlusion.uasset" 664
"../../../Engine/Plugins/Interchange/Assets/Content/gltf/MaterialFunctions/MF_Occlusion.uexp" 665
"../../../Engine/Plugins/Interchange/Assets/Content/gltf/MaterialFunctions/MF_IOR.uasset" 666
"../../../Engine/Plugins/Interchange/Assets/Content/gltf/MaterialFunctions/MF_IOR.uexp" 667
"../../../Engine/Plugins/Interchange/Assets/Content/gltf/MaterialFunctions/MF_Transmission.uasset" 668
"../../../Engine/Plugins/Interchange/Assets/Content/gltf/MaterialFunctions/MF_Transmission.uexp" 669
"../../../Engine/Plugins/Interchange/Assets/Content/gltf/MaterialFunctions/MF_RotateNormals_TS.uasset" 670
"../../../Engine/Plugins/Interchange/Assets/Content/gltf/MaterialFunctions/MF_RotateNormals_TS.uexp" 671
"../../../Engine/Plugins/Interchange/Assets/Content/gltf/MaterialFunctions/MF_Normals.uasset" 672
"../../../Engine/Plugins/Interchange/Assets/Content/gltf/MaterialFunctions/MF_Normals.uexp" 673
"../../../Engine/Plugins/Interchange/Assets/Content/gltf/MaterialBodies/MF_Transmission_Body.uasset" 674
"../../../Engine/Plugins/Interchange/Assets/Content/gltf/MaterialBodies/MF_Transmission_Body.uexp" 675
"../../../Engine/Plugins/Interchange/Assets/Content/gltf/M_Transmission.uasset" 676
"../../../Engine/Plugins/Interchange/Assets/Content/gltf/M_Transmission.uexp" 677
"../../../Engine/Plugins/Interchange/Assets/Content/gltf/MaterialInstances/MI_Transmission_DS.uasset" 678
"../../../Engine/Plugins/Interchange/Assets/Content/gltf/MaterialInstances/MI_Transmission_DS.uexp" 679
"../../../Engine/Plugins/Interchange/Assets/Content/gltf/MaterialInstances/MI_Transmission.uasset" 680
"../../../Engine/Plugins/Interchange/Assets/Content/gltf/MaterialInstances/MI_Transmission.uexp" 681
"../../../Engine/Content/Functions/Engine_MaterialFunctions02/Math/AddComponents.uasset" 682
"../../../Engine/Content/Functions/Engine_MaterialFunctions02/Math/AddComponents.uexp" 683
"../../../Engine/Plugins/Interchange/Assets/Content/gltf/MaterialFunctions/MF_DiffuseSpecGloss.uasset" 684
"../../../Engine/Plugins/Interchange/Assets/Content/gltf/MaterialFunctions/MF_DiffuseSpecGloss.uexp" 685
"../../../Engine/Plugins/Interchange/Assets/Content/gltf/MaterialFunctions/MF_Emissive.uasset" 686
"../../../Engine/Plugins/Interchange/Assets/Content/gltf/MaterialFunctions/MF_Emissive.uexp" 687
"../../../Engine/Plugins/Interchange/Assets/Content/gltf/MaterialFunctions/MF_PerceivedBrightness.uasset" 688
"../../../Engine/Plugins/Interchange/Assets/Content/gltf/MaterialFunctions/MF_PerceivedBrightness.uexp" 689
"../../../Engine/Plugins/Interchange/Assets/Content/gltf/MaterialFunctions/MF_SpecGlossToMetalRoughness.uasset" 690
"../../../Engine/Plugins/Interchange/Assets/Content/gltf/MaterialFunctions/MF_SpecGlossToMetalRoughness.uexp" 691
"../../../Engine/Plugins/Interchange/Assets/Content/gltf/MaterialFunctions/MF_MaxComponentValue.uasset" 692
"../../../Engine/Plugins/Interchange/Assets/Content/gltf/MaterialFunctions/MF_MaxComponentValue.uexp" 693
"../../../Engine/Plugins/Interchange/Assets/Content/gltf/MaterialBodies/MF_SpecularGlossiness_Body.uasset" 694
"../../../Engine/Plugins/Interchange/Assets/Content/gltf/MaterialBodies/MF_SpecularGlossiness_Body.uexp" 695
"../../../Engine/Plugins/Interchange/Assets/Content/gltf/M_SpecularGlossiness.uasset" 696
"../../../Engine/Plugins/Interchange/Assets/Content/gltf/M_SpecularGlossiness.uexp" 697
"../../../Engine/Plugins/Interchange/Assets/Content/gltf/MaterialInstances/MI_SpecularGlossiness_Opaque_DS.uasset" 698
"../../../Engine/Plugins/Interchange/Assets/Content/gltf/MaterialInstances/MI_SpecularGlossiness_Opaque_DS.uexp" 699
"../../../Engine/Plugins/Interchange/Assets/Content/gltf/MaterialInstances/MI_SpecularGlossiness_Opaque.uasset" 700
"../../../Engine/Plugins/Interchange/Assets/Content/gltf/MaterialInstances/MI_SpecularGlossiness_Opaque.uexp" 701
"../../../Engine/Plugins/Interchange/Assets/Content/gltf/MaterialInstances/MI_SpecularGlossiness_Mask_DS.uasset" 702
"../../../Engine/Plugins/Interchange/Assets/Content/gltf/MaterialInstances/MI_SpecularGlossiness_Mask_DS.uexp" 703
"../../../Engine/Plugins/Interchange/Assets/Content/gltf/MaterialInstances/MI_SpecularGlossiness_Mask.uasset" 704
"../../../Engine/Plugins/Interchange/Assets/Content/gltf/MaterialInstances/MI_SpecularGlossiness_Mask.uexp" 705
"../../../Engine/Plugins/Interchange/Assets/Content/gltf/MaterialInstances/MI_SpecularGlossiness_Blend_DS.uasset" 706
"../../../Engine/Plugins/Interchange/Assets/Content/gltf/MaterialInstances/MI_SpecularGlossiness_Blend_DS.uexp" 707
"../../../Engine/Plugins/Interchange/Assets/Content/gltf/MaterialInstances/MI_SpecularGlossiness_Blend.uasset" 708
"../../../Engine/Plugins/Interchange/Assets/Content/gltf/MaterialInstances/MI_SpecularGlossiness_Blend.uexp" 709
"../../../Engine/Plugins/Interchange/Assets/Content/gltf/MaterialFunctions/MF_Sheen.uasset" 710
"../../../Engine/Plugins/Interchange/Assets/Content/gltf/MaterialFunctions/MF_Sheen.uexp" 711
"../../../Engine/Plugins/Interchange/Assets/Content/gltf/MaterialBodies/MF_Sheen_Body.uasset" 712
"../../../Engine/Plugins/Interchange/Assets/Content/gltf/MaterialBodies/MF_Sheen_Body.uexp" 713
"../../../Engine/Plugins/Interchange/Assets/Content/gltf/M_Sheen.uasset" 714
"../../../Engine/Plugins/Interchange/Assets/Content/gltf/M_Sheen.uexp" 715
"../../../Engine/Plugins/Interchange/Assets/Content/gltf/MaterialInstances/MI_Sheen_Opaque_DS.uasset" 716
"../../../Engine/Plugins/Interchange/Assets/Content/gltf/MaterialInstances/MI_Sheen_Opaque_DS.uexp" 717
"../../../Engine/Plugins/Interchange/Assets/Content/gltf/MaterialInstances/MI_Sheen_Opaque.uasset" 718
"../../../Engine/Plugins/Interchange/Assets/Content/gltf/MaterialInstances/MI_Sheen_Opaque.uexp" 719
"../../../Engine/Plugins/Interchange/Assets/Content/gltf/MaterialInstances/MI_Sheen_Mask_DS.uasset" 720
"../../../Engine/Plugins/Interchange/Assets/Content/gltf/MaterialInstances/MI_Sheen_Mask_DS.uexp" 721
"../../../Engine/Plugins/Interchange/Assets/Content/gltf/MaterialInstances/MI_Sheen_Mask.uasset" 722
"../../../Engine/Plugins/Interchange/Assets/Content/gltf/MaterialInstances/MI_Sheen_Mask.uexp" 723
"../../../Engine/Plugins/Interchange/Assets/Content/gltf/MaterialInstances/MI_Sheen_Blend_DS.uasset" 724
"../../../Engine/Plugins/Interchange/Assets/Content/gltf/MaterialInstances/MI_Sheen_Blend_DS.uexp" 725
"../../../Engine/Plugins/Interchange/Assets/Content/gltf/MaterialInstances/MI_Sheen_Blend.uasset" 726
"../../../Engine/Plugins/Interchange/Assets/Content/gltf/MaterialInstances/MI_Sheen_Blend.uexp" 727
"../../../Engine/Plugins/Interchange/Assets/Content/gltf/MaterialBodies/MF_Default_Body.uasset" 728
"../../../Engine/Plugins/Interchange/Assets/Content/gltf/MaterialBodies/MF_Default_Body.uexp" 729
"../../../Engine/Plugins/Interchange/Assets/Content/gltf/M_Default.uasset" 730
"../../../Engine/Plugins/Interchange/Assets/Content/gltf/M_Default.uexp" 731
"../../../Engine/Plugins/Interchange/Assets/Content/gltf/MaterialInstances/MI_Default_Opaque_DS.uasset" 732
"../../../Engine/Plugins/Interchange/Assets/Content/gltf/MaterialInstances/MI_Default_Opaque_DS.uexp" 733
"../../../Engine/Plugins/Interchange/Assets/Content/gltf/MaterialInstances/MI_Default_Opaque.uasset" 734
"../../../Engine/Plugins/Interchange/Assets/Content/gltf/MaterialInstances/MI_Default_Opaque.uexp" 735
"../../../Engine/Plugins/Interchange/Assets/Content/gltf/MaterialInstances/MI_Default_Mask_DS.uasset" 736
"../../../Engine/Plugins/Interchange/Assets/Content/gltf/MaterialInstances/MI_Default_Mask_DS.uexp" 737
"../../../Engine/Plugins/Interchange/Assets/Content/gltf/MaterialInstances/MI_Default_Mask.uasset" 738
"../../../Engine/Plugins/Interchange/Assets/Content/gltf/MaterialInstances/MI_Default_Mask.uexp" 739
"../../../Engine/Plugins/Interchange/Assets/Content/gltf/MaterialInstances/MI_Default_Blend_DS.uasset" 740
"../../../Engine/Plugins/Interchange/Assets/Content/gltf/MaterialInstances/MI_Default_Blend_DS.uexp" 741
"../../../Engine/Plugins/Interchange/Assets/Content/gltf/MaterialInstances/MI_Default_Blend.uasset" 742
"../../../Engine/Plugins/Interchange/Assets/Content/gltf/MaterialInstances/MI_Default_Blend.uexp" 743
"../../../Engine/Content/Functions/Engine_MaterialFunctions01/Texturing/FlattenNormal.uasset" 744
"../../../Engine/Content/Functions/Engine_MaterialFunctions01/Texturing/FlattenNormal.uexp" 745
"../../../Engine/Plugins/Interchange/Assets/Content/gltf/MaterialFunctions/MF_Clearcoat.uasset" 746
"../../../Engine/Plugins/Interchange/Assets/Content/gltf/MaterialFunctions/MF_Clearcoat.uexp" 747
"../../../Engine/Plugins/Interchange/Assets/Content/gltf/MaterialBodies/MF_ClearCoat_Body.uasset" 748
"../../../Engine/Plugins/Interchange/Assets/Content/gltf/MaterialBodies/MF_ClearCoat_Body.uexp" 749
"../../../Engine/Plugins/Interchange/Assets/Content/gltf/M_ClearCoat.uasset" 750
"../../../Engine/Plugins/Interchange/Assets/Content/gltf/M_ClearCoat.uexp" 751
"../../../Engine/Plugins/Interchange/Assets/Content/gltf/MaterialInstances/MI_ClearCoat_Opaque_DS.uasset" 752
"../../../Engine/Plugins/Interchange/Assets/Content/gltf/MaterialInstances/MI_ClearCoat_Opaque_DS.uexp" 753
"../../../Engine/Plugins/Interchange/Assets/Content/gltf/MaterialInstances/MI_ClearCoat_Opaque.uasset" 754
"../../../Engine/Plugins/Interchange/Assets/Content/gltf/MaterialInstances/MI_ClearCoat_Opaque.uexp" 755
"../../../Engine/Plugins/Interchange/Assets/Content/gltf/MaterialInstances/MI_ClearCoat_Mask_DS.uasset" 756
"../../../Engine/Plugins/Interchange/Assets/Content/gltf/MaterialInstances/MI_ClearCoat_Mask_DS.uexp" 757
"../../../Engine/Plugins/Interchange/Assets/Content/gltf/MaterialInstances/MI_ClearCoat_Mask.uasset" 758
"../../../Engine/Plugins/Interchange/Assets/Content/gltf/MaterialInstances/MI_ClearCoat_Mask.uexp" 759
"../../../Engine/Plugins/Interchange/Assets/Content/gltf/MaterialInstances/MI_ClearCoat_Blend_DS.uasset" 760
"../../../Engine/Plugins/Interchange/Assets/Content/gltf/MaterialInstances/MI_ClearCoat_Blend_DS.uexp" 761
"../../../Engine/Plugins/Interchange/Assets/Content/gltf/MaterialInstances/MI_ClearCoat_Blend.uasset" 762
"../../../Engine/Plugins/Interchange/Assets/Content/gltf/MaterialInstances/MI_ClearCoat_Blend.uexp" 763
"../../../Engine/Plugins/Experimental/Water/Content/Materials/WaterInfo/DrawWaterInfo.uasset" 764
"../../../Engine/Plugins/Experimental/Water/Content/Materials/WaterInfo/DrawWaterInfo.uexp" 765
"../../../Engine/Plugins/Experimental/Landmass/Content/Landscape/Meshes/S_SpritePlane.ubulk" 766
"../../../Engine/Plugins/Experimental/Landmass/Content/Landscape/Meshes/S_SpritePlane.uasset" 767
"../../../Engine/Plugins/Experimental/Landmass/Content/Landscape/Meshes/S_SpritePlane.uexp" 768
"../../../Engine/Content/EditorResources/S_Terrain.ubulk" 769
"../../../Engine/Content/EditorResources/S_Terrain.uasset" 770
"../../../Engine/Content/EditorResources/S_Terrain.uexp" 771
"../../../Engine/Content/Functions/Engine_MaterialFunctions02/WorldPositionOffset/V2/ObjectScale.uasset" 772
"../../../Engine/Content/Functions/Engine_MaterialFunctions02/WorldPositionOffset/V2/ObjectScale.uexp" 773
"../../../Engine/Content/Functions/Engine_MaterialFunctions02/WorldPositionOffset/ComponentPivotLocation.uasset" 774
"../../../Engine/Content/Functions/Engine_MaterialFunctions02/WorldPositionOffset/ComponentPivotLocation.uexp" 775
"../../../Engine/Content/Functions/Engine_MaterialFunctions02/WorldPositionOffset/Sprite.uasset" 776
"../../../Engine/Content/Functions/Engine_MaterialFunctions02/WorldPositionOffset/Sprite.uexp" 777
"../../../Engine/Plugins/Experimental/Landmass/Content/Landscape/BlueprintBrushes/Materials/Sprite/M_BrushSprite_01.uasset" 778
"../../../Engine/Plugins/Experimental/Landmass/Content/Landscape/BlueprintBrushes/Materials/Sprite/M_BrushSprite_01.uexp" 779
"../../../Engine/Plugins/Experimental/Landmass/Content/Landscape/BlueprintBrushes/MPC/MPC_Landscape.uasset" 780
"../../../Engine/Plugins/Experimental/Landmass/Content/Landscape/BlueprintBrushes/MPC/MPC_Landscape.uexp" 781
"../../../Engine/Plugins/Experimental/Landmass/Content/Landscape/BlueprintBrushes/MF/LandmassBrush_UVs.uasset" 782
"../../../Engine/Plugins/Experimental/Landmass/Content/Landscape/BlueprintBrushes/MF/LandmassBrush_UVs.uexp" 783
"../../../Engine/Plugins/Experimental/Landmass/Content/Landscape/BlueprintBrushes/MF/LandmassBrush_EdgeFalloff.uasset" 784
"../../../Engine/Plugins/Experimental/Landmass/Content/Landscape/BlueprintBrushes/MF/LandmassBrush_EdgeFalloff.uexp" 785
"../../../Engine/Content/EngineMaterials/BlendFunc_DefBlend.uasset" 786
"../../../Engine/Content/EngineMaterials/BlendFunc_DefBlend.uexp" 787
"../../../Engine/Plugins/Experimental/Landmass/Content/Landscape/BlueprintBrushes/MF/PointSampleLandscapeUVs.uasset" 788
"../../../Engine/Plugins/Experimental/Landmass/Content/Landscape/BlueprintBrushes/MF/PointSampleLandscapeUVs.uexp" 789
"../../../Engine/Content/EngineMaterials/BlendFunc_DefBase.uasset" 790
"../../../Engine/Content/EngineMaterials/BlendFunc_DefBase.uexp" 791
"../../../Engine/Content/Functions/Engine_MaterialFunctions03/Blends/Blend_Screen.uasset" 792
"../../../Engine/Content/Functions/Engine_MaterialFunctions03/Blends/Blend_Screen.uexp" 793
"../../../Engine/Content/Functions/Engine_MaterialFunctions03/Procedurals/ComputeFilterWidth.uasset" 794
"../../../Engine/Content/Functions/Engine_MaterialFunctions03/Procedurals/ComputeFilterWidth.uexp" 795
"../../../Engine/Content/EditorMaterials/TilingAALineIntegral.uasset" 796
"../../../Engine/Content/EditorMaterials/TilingAALineIntegral.uexp" 797
"../../../Engine/Content/EditorMaterials/TilingAALineBoxFiltered.uasset" 798
"../../../Engine/Content/EditorMaterials/TilingAALineBoxFiltered.uexp" 799
"../../../Engine/Content/EditorMaterials/TilingAAGrid.uasset" 800
"../../../Engine/Content/EditorMaterials/TilingAAGrid.uexp" 801
"../../../Engine/Plugins/Experimental/Landmass/Content/Landscape/OldPrototype_BP/Mats/MF/UnpackRG8Height.uasset" 802
"../../../Engine/Plugins/Experimental/Landmass/Content/Landscape/OldPrototype_BP/Mats/MF/UnpackRG8Height.uexp" 803
"../../../Engine/Plugins/Experimental/Landmass/Content/Landscape/BlueprintBrushes/MF/Landmass_BrushTilt.uasset" 804
"../../../Engine/Plugins/Experimental/Landmass/Content/Landscape/BlueprintBrushes/MF/Landmass_BrushTilt.uexp" 805
"../../../Engine/Content/ArtTools/RenderToTexture/Textures/T_EV_BlankWhite_01.uasset" 806
"../../../Engine/Content/ArtTools/RenderToTexture/Textures/T_EV_BlankWhite_01.uexp" 807
"../../../Engine/Content/Functions/Engine_MaterialFunctions01/ImageAdjustment/SCurve.uasset" 808
"../../../Engine/Content/Functions/Engine_MaterialFunctions01/ImageAdjustment/SCurve.uexp" 809
"../../../Engine/Content/EngineResources/Black_Low.uasset" 810
"../../../Engine/Content/EngineResources/Black_Low.uexp" 811
"../../../Engine/Plugins/Experimental/Landmass/Content/Landscape/BlueprintBrushes/MF/LandmassBrush_Noise.uasset" 812
"../../../Engine/Plugins/Experimental/Landmass/Content/Landscape/BlueprintBrushes/MF/LandmassBrush_Noise.uexp" 813
"../../../Engine/Plugins/Experimental/Landmass/Content/Landscape/BlueprintBrushes/Materials/BrushMaterials/BasicFunctions/LandmassBrush_ShapeMask.uasset" 814
"../../../Engine/Plugins/Experimental/Landmass/Content/Landscape/BlueprintBrushes/Materials/BrushMaterials/BasicFunctions/LandmassBrush_ShapeMask.uexp" 815
"../../../Engine/Plugins/Experimental/Landmass/Content/Landscape/BlueprintBrushes/Materials/Internal/BrushBounds.uasset" 816
"../../../Engine/Plugins/Experimental/Landmass/Content/Landscape/BlueprintBrushes/Materials/Internal/BrushBounds.uexp" 817
"../../../Engine/Content/VREditor/TransformGizmo/Main.uasset" 818
"../../../Engine/Content/VREditor/TransformGizmo/Main.uexp" 819
"../../../Engine/Content/VREditor/TransformGizmo/Xray.uasset" 820
"../../../Engine/Content/VREditor/TransformGizmo/Xray.uexp" 821
"../../../Engine/Content/VREditor/TransformGizmo/SM_Sequencer_Node.ubulk" 822
"../../../Engine/Content/VREditor/TransformGizmo/SM_Sequencer_Node.uasset" 823
"../../../Engine/Content/VREditor/TransformGizmo/SM_Sequencer_Node.uexp" 824
"../../../Engine/Content/VREditor/LaserPointer/VR_LaserPower_01.ubulk" 825
"../../../Engine/Content/VREditor/LaserPointer/VR_LaserPower_01.uasset" 826
"../../../Engine/Content/VREditor/LaserPointer/VR_LaserPower_01.uexp" 827
"../../../Engine/Content/VREditor/TransformGizmo/TransformGizmoMaterial.uasset" 828
"../../../Engine/Content/VREditor/TransformGizmo/TransformGizmoMaterial.uexp" 829
"../../../Engine/Content/VREditor/TransformGizmo/TranslucentTransformGizmoMaterial.uasset" 830
"../../../Engine/Content/VREditor/TransformGizmo/TranslucentTransformGizmoMaterial.uexp" 831
"../../../Engine/Content/VREditor/TransformGizmo/BoundingBoxEdge.ubulk" 832
"../../../Engine/Content/VREditor/TransformGizmo/BoundingBoxEdge.uasset" 833
"../../../Engine/Content/VREditor/TransformGizmo/BoundingBoxEdge.uexp" 834
"../../../Engine/Content/VREditor/TransformGizmo/BoundingBoxCorner.ubulk" 835
"../../../Engine/Content/VREditor/TransformGizmo/BoundingBoxCorner.uasset" 836
"../../../Engine/Content/VREditor/TransformGizmo/BoundingBoxCorner.uexp" 837
"../../../Engine/Content/Functions/Engine_MaterialFunctions01/Shading/PowerToRoughness.uasset" 838
"../../../Engine/Content/Functions/Engine_MaterialFunctions01/Shading/PowerToRoughness.uexp" 839
"../../../Engine/Content/Functions/Engine_MaterialFunctions01/Shading/ConvertFromDiffSpec.uasset" 840
"../../../Engine/Content/Functions/Engine_MaterialFunctions01/Shading/ConvertFromDiffSpec.uexp" 841
"../../../Engine/Content/EngineSky/VolumetricClouds/T_CloudMask.ubulk" 842
"../../../Engine/Content/EngineSky/VolumetricClouds/T_CloudMask.uasset" 843
"../../../Engine/Content/EngineSky/VolumetricClouds/T_CloudMask.uexp" 844
"../../../Engine/Content/EngineSky/VolumetricClouds/VT_Lightning.uasset" 845
"../../../Engine/Content/EngineSky/VolumetricClouds/VT_Lightning.uexp" 846
"../../../Engine/Content/EngineSky/VolumetricClouds/T_Profile_08.ubulk" 847
"../../../Engine/Content/EngineSky/VolumetricClouds/T_Profile_08.uasset" 848
"../../../Engine/Content/EngineSky/VolumetricClouds/T_Profile_08.uexp" 849
"../../../Engine/Content/Functions/Engine_MaterialFunctions02/Utility/MakeFloat4.uasset" 850
"../../../Engine/Content/Functions/Engine_MaterialFunctions02/Utility/MakeFloat4.uexp" 851
"../../../Engine/Content/Functions/Engine_MaterialFunctions01/Units/Km-to-Cm.uasset" 852
"../../../Engine/Content/Functions/Engine_MaterialFunctions01/Units/Km-to-Cm.uexp" 853
"../../../Engine/Content/Functions/Engine_MaterialFunctions02/Utility/BreakOutFloat4Components.uasset" 854
"../../../Engine/Content/Functions/Engine_MaterialFunctions02/Utility/BreakOutFloat4Components.uexp" 855
"../../../Engine/Content/EngineSky/VolumetricClouds/T_CloudPattern.ubulk" 856
"../../../Engine/Content/EngineSky/VolumetricClouds/T_CloudPattern.uasset" 857
"../../../Engine/Content/EngineSky/VolumetricClouds/T_CloudPattern.uexp" 858
"../../../Engine/Content/EngineSky/VolumetricClouds/VT_PerlinWorley_Balanced.uasset" 859
"../../../Engine/Content/EngineSky/VolumetricClouds/VT_PerlinWorley_Balanced.uexp" 860
"../../../Engine/Content/EngineSky/VolumetricClouds/m_SimpleVolumetricCloud.uasset" 861
"../../../Engine/Content/EngineSky/VolumetricClouds/m_SimpleVolumetricCloud.uexp" 862
"../../../Engine/Content/EngineSky/VolumetricClouds/m_SimpleVolumetricCloud_Inst.uasset" 863
"../../../Engine/Content/EngineSky/VolumetricClouds/m_SimpleVolumetricCloud_Inst.uexp" 864
"../../../Engine/Content/EngineResources/FilmGrains/Marcie_Grain_v3_128_M2_000.uasset" 865
"../../../Engine/Content/EngineResources/FilmGrains/Marcie_Grain_v3_128_M2_000.uexp" 866
"../../../Engine/Content/EngineMaterials/Substrate/Volume/SubstrateSimpleVolumeLUT3D.uasset" 867
"../../../Engine/Content/EngineMaterials/Substrate/Volume/SubstrateSimpleVolumeLUT3D.uexp" 868
"../../../Engine/Content/EngineMaterials/Substrate/Volume/SubstrateSimpleVolumeEnvLUT3D.uasset" 869
"../../../Engine/Content/EngineMaterials/Substrate/Volume/SubstrateSimpleVolumeEnvLUT3D.uexp" 870
"../../../Engine/Content/EngineMaterials/Substrate/GLints2/AGlintTex2dArray2.uasset" 871
"../../../Engine/Content/EngineMaterials/Substrate/GLints2/AGlintTex2dArray2.uexp" 872
"../../../Engine/Content/EngineMaterials/Substrate/GLints/AGlintTex2dArray.uasset" 873
"../../../Engine/Content/EngineMaterials/Substrate/GLints/AGlintTex2dArray.uexp" 874
"../../../Engine/Content/EngineMaterials/LTC/Sheen_LTC.uasset" 875
"../../../Engine/Content/EngineMaterials/LTC/Sheen_LTC.uexp" 876
"../../../Engine/Content/EngineMaterials/LTC/GGX_LTCMat.uasset" 877
"../../../Engine/Content/EngineMaterials/LTC/GGX_LTCMat.uexp" 878
"../../../Engine/Content/EngineMaterials/LTC/GGX_LTCAmp.uasset" 879
"../../../Engine/Content/EngineMaterials/LTC/GGX_LTCAmp.uexp" 880
"../../../Engine/Content/EngineMaterials/EnergyConservation/Sheen_Energy.uasset" 881
"../../../Engine/Content/EngineMaterials/EnergyConservation/Sheen_Energy.uexp" 882
"../../../Engine/Content/EngineMaterials/EnergyConservation/SheenLegacy_Energy.uasset" 883
"../../../Engine/Content/EngineMaterials/EnergyConservation/SheenLegacy_Energy.uexp" 884
"../../../Engine/Content/EngineMaterials/EnergyConservation/GGX_TransmissionEnergyArray.uasset" 885
"../../../Engine/Content/EngineMaterials/EnergyConservation/GGX_TransmissionEnergyArray.uexp" 886
"../../../Engine/Content/EngineMaterials/EnergyConservation/GGX_ReflectionEnergy.uasset" 887
"../../../Engine/Content/EngineMaterials/EnergyConservation/GGX_ReflectionEnergy.uexp" 888
"../../../Engine/Content/EngineMaterials/EnergyConservation/Diffuse_Energy.uasset" 889
"../../../Engine/Content/EngineMaterials/EnergyConservation/Diffuse_Energy.uexp" 890
"../../../Engine/Content/EditorResources/SequenceRecorder/RecordingIndicator.uasset" 891
"../../../Engine/Content/EditorResources/SequenceRecorder/RecordingIndicator.uexp" 892
"../../../Engine/Content/EditorResources/SequenceRecorder/Countdown.uasset" 893
"../../../Engine/Content/EditorResources/SequenceRecorder/Countdown.uexp" 894
"../../../Engine/Content/EditorMaterials/Camera/CineMat.uasset" 895
"../../../Engine/Content/EditorMaterials/Camera/CineMat.uexp" 896
"../../../Engine/Content/EditorMaterials/Camera/MI_CineMat_Rig.uasset" 897
"../../../Engine/Content/EditorMaterials/Camera/MI_CineMat_Rig.uexp" 898
"../../../Engine/Content/EditorMeshes/Camera/SM_RailRig_Track.ubulk" 899
"../../../Engine/Content/EditorMeshes/Camera/SM_RailRig_Track.uasset" 900
"../../../Engine/Content/EditorMeshes/Camera/SM_RailRig_Track.uexp" 901
"../../../Engine/Content/EditorMeshes/Camera/SM_RailRig_Mount.ubulk" 902
"../../../Engine/Content/EditorMeshes/Camera/SM_RailRig_Mount.uasset" 903
"../../../Engine/Content/EditorMeshes/Camera/SM_RailRig_Mount.uexp" 904
"../../../Engine/Content/EditorMeshes/Camera/SM_CraneRig_Mount.ubulk" 905
"../../../Engine/Content/EditorMeshes/Camera/SM_CraneRig_Mount.uasset" 906
"../../../Engine/Content/EditorMeshes/Camera/SM_CraneRig_Mount.uexp" 907
"../../../Engine/Content/EditorMeshes/Camera/SM_CraneRig_Body.ubulk" 908
"../../../Engine/Content/EditorMeshes/Camera/SM_CraneRig_Body.uasset" 909
"../../../Engine/Content/EditorMeshes/Camera/SM_CraneRig_Body.uexp" 910
"../../../Engine/Content/EditorMeshes/Camera/SM_CraneRig_Base.ubulk" 911
"../../../Engine/Content/EditorMeshes/Camera/SM_CraneRig_Base.uasset" 912
"../../../Engine/Content/EditorMeshes/Camera/SM_CraneRig_Base.uexp" 913
"../../../Engine/Content/EditorMeshes/Camera/SM_CraneRig_Arm.ubulk" 914
"../../../Engine/Content/EditorMeshes/Camera/SM_CraneRig_Arm.uasset" 915
"../../../Engine/Content/EditorMeshes/Camera/SM_CraneRig_Arm.uexp" 916
"../../../Engine/Content/EditorMaterials/ParticleSystems/PSysThumbnail_OOD.ubulk" 917
"../../../Engine/Content/EditorMaterials/ParticleSystems/PSysThumbnail_OOD.uasset" 918
"../../../Engine/Content/EditorMaterials/ParticleSystems/PSysThumbnail_OOD.uexp" 919
"../../../Engine/Content/EditorMaterials/ParticleSystems/PSysThumbnail_NoImage.ubulk" 920
"../../../Engine/Content/EditorMaterials/ParticleSystems/PSysThumbnail_NoImage.uasset" 921
"../../../Engine/Content/EditorMaterials/ParticleSystems/PSysThumbnail_NoImage.uexp" 922
"../../../Engine/Content/EditorMaterials/Dataflow/DataflowVertexMaterial.uasset" 923
"../../../Engine/Content/EditorMaterials/Dataflow/DataflowVertexMaterial.uexp" 924
"../../../Engine/Content/EditorMaterials/Dataflow/DataflowTwoSidedVertexMaterial.uasset" 925
"../../../Engine/Content/EditorMaterials/Dataflow/DataflowTwoSidedVertexMaterial.uexp" 926
"../../../Engine/Content/ArtTools/RenderToTexture/Meshes/S_1_Unit_Plane.ubulk" 927
"../../../Engine/Content/ArtTools/RenderToTexture/Meshes/S_1_Unit_Plane.uasset" 928
"../../../Engine/Content/ArtTools/RenderToTexture/Meshes/S_1_Unit_Plane.uexp" 929
"../../../Engine/Plugins/Experimental/Water/Content/Meshes/LakeMesh.ubulk" 930
"../../../Engine/Plugins/Experimental/Water/Content/Meshes/LakeMesh.uasset" 931
"../../../Engine/Plugins/Experimental/Water/Content/Meshes/LakeMesh.uexp" 932
"../../../Engine/Plugins/Experimental/Water/Content/Meshes/RiverMesh.ubulk" 933
"../../../Engine/Plugins/Experimental/Water/Content/Meshes/RiverMesh.uasset" 934
"../../../Engine/Plugins/Experimental/Water/Content/Meshes/RiverMesh.uexp" 935
"../../../Engine/Plugins/Media/MediaPlate/Content/SM_MediaPlateScreen.ubulk" 936
"../../../Engine/Plugins/Media/MediaPlate/Content/SM_MediaPlateScreen.uasset" 937
"../../../Engine/Plugins/Media/MediaPlate/Content/SM_MediaPlateScreen.uexp" 938
"D:/Unreal Projects/forest1/Content/UltraDynamicSky/Materials/Material_Functions/UDS_VolumetricClouds_MPC.uasset" 939
"D:/Unreal Projects/forest1/Content/UltraDynamicSky/Materials/Material_Functions/UDS_VolumetricClouds_MPC.uexp" 940
"D:/Unreal Projects/forest1/Content/UltraDynamicSky/Particles/UDS_VolumetricClouds_Niagara_Properties.uasset" 941
"D:/Unreal Projects/forest1/Content/UltraDynamicSky/Particles/UDS_VolumetricClouds_Niagara_Properties.uexp" 942
"D:/Unreal Projects/forest1/Content/UltraDynamicSky/Materials/Weather/UltraDynamicWeather_Parameters.uasset" 943
"D:/Unreal Projects/forest1/Content/UltraDynamicSky/Materials/Weather/UltraDynamicWeather_Parameters.uexp" 944
"D:/Unreal Projects/forest1/Content/UltraDynamicSky/Particles/UDW_Niagara_Parameters.uasset" 945
"D:/Unreal Projects/forest1/Content/UltraDynamicSky/Particles/UDW_Niagara_Parameters.uexp" 946
"../../../Engine/Content/EngineResources/LandscapeVisibilityLayerInfo.uasset" 947
"../../../Engine/Content/EngineResources/LandscapeVisibilityLayerInfo.uexp" 948
"../../../Engine/Content/VREditor/TransformGizmo/StartRotationHandleIndicator.ubulk" 949
"../../../Engine/Content/VREditor/TransformGizmo/StartRotationHandleIndicator.uasset" 950
"../../../Engine/Content/VREditor/TransformGizmo/StartRotationHandleIndicator.uexp" 951
"../../../Engine/Content/VREditor/Sounds/UI/Drop_Item_From_ContentBrowser.ubulk" 952
"../../../Engine/Content/VREditor/Sounds/UI/Drop_Item_From_ContentBrowser.uasset" 953
"../../../Engine/Content/VREditor/Sounds/UI/Drop_Item_From_ContentBrowser.uexp" 954
"../../../Engine/Content/VREditor/TransformGizmo/PlaneTranslationHandle.ubulk" 955
"../../../Engine/Content/VREditor/TransformGizmo/PlaneTranslationHandle.uasset" 956
"../../../Engine/Content/VREditor/TransformGizmo/PlaneTranslationHandle.uexp" 957
"../../../Engine/Content/VREditor/Sounds/UI/Object_Snaps_To_Grid.ubulk" 958
"../../../Engine/Content/VREditor/Sounds/UI/Object_Snaps_To_Grid.uasset" 959
"../../../Engine/Content/VREditor/Sounds/UI/Object_Snaps_To_Grid.uexp" 960
"../../../Engine/Content/VREditor/Sounds/UI/Selection_Changes.ubulk" 961
"../../../Engine/Content/VREditor/Sounds/UI/Selection_Changes.uasset" 962
"../../../Engine/Content/VREditor/Sounds/UI/Selection_Changes.uexp" 963
"../../../Engine/Content/VREditor/Sounds/UI/Object_Snaps_To_Another_Actor.ubulk" 964
"../../../Engine/Content/VREditor/Sounds/UI/Object_Snaps_To_Another_Actor.uasset" 965
"../../../Engine/Content/VREditor/Sounds/UI/Object_Snaps_To_Another_Actor.uexp" 966
"../../../Engine/Content/VREditor/TransformGizmo/TranslucentTransformGizmoMaterial_Inst.uasset" 967
"../../../Engine/Content/VREditor/TransformGizmo/TranslucentTransformGizmoMaterial_Inst.uexp" 968
"../../../Engine/Content/VREditor/TransformGizmo/TransformGizmoFreeRotation.ubulk" 969
"../../../Engine/Content/VREditor/TransformGizmo/TransformGizmoFreeRotation.uasset" 970
"../../../Engine/Content/VREditor/TransformGizmo/TransformGizmoFreeRotation.uexp" 971
"../../../Engine/Content/VREditor/Sounds/UI/Scaling_Down.ubulk" 972
"../../../Engine/Content/VREditor/Sounds/UI/Scaling_Down.uasset" 973
"../../../Engine/Content/VREditor/Sounds/UI/Scaling_Down.uexp" 974
"../../../Engine/Content/Functions/Engine_MaterialFunctions02/SplitComponents.uasset" 975
"../../../Engine/Content/Functions/Engine_MaterialFunctions02/SplitComponents.uexp" 976
"../../../Engine/Content/VREditor/SnapGrid/SnapGridMaterial.uasset" 977
"../../../Engine/Content/VREditor/SnapGrid/SnapGridMaterial.uexp" 978
"../../../Engine/Content/VREditor/SnapGrid/SnapGridPlaneMesh.ubulk" 979
"../../../Engine/Content/VREditor/SnapGrid/SnapGridPlaneMesh.uasset" 980
"../../../Engine/Content/VREditor/SnapGrid/SnapGridPlaneMesh.uexp" 981
"../../../Engine/Content/VREditor/Sounds/UI/Scaling_Up.ubulk" 982
"../../../Engine/Content/VREditor/Sounds/UI/Scaling_Up.uasset" 983
"../../../Engine/Content/VREditor/Sounds/UI/Scaling_Up.uexp" 984
"../../../Engine/Content/VREditor/TransformGizmo/TransformGizmoMaterial_Inst.uasset" 985
"../../../Engine/Content/VREditor/TransformGizmo/TransformGizmoMaterial_Inst.uexp" 986
"../../../Engine/Content/VREditor/Sounds/UI/Gizmo_Handle_Clicked.ubulk" 987
"../../../Engine/Content/VREditor/Sounds/UI/Gizmo_Handle_Clicked.uasset" 988
"../../../Engine/Content/VREditor/Sounds/UI/Gizmo_Handle_Clicked.uexp" 989
"../../../Engine/Content/VREditor/TransformGizmo/RotationHandleQuarter.ubulk" 990
"../../../Engine/Content/VREditor/TransformGizmo/RotationHandleQuarter.uasset" 991
"../../../Engine/Content/VREditor/TransformGizmo/RotationHandleQuarter.uexp" 992
"../../../Engine/Content/VREditor/TransformGizmo/TranslateArrowHandle.ubulk" 993
"../../../Engine/Content/VREditor/TransformGizmo/TranslateArrowHandle.uasset" 994
"../../../Engine/Content/VREditor/TransformGizmo/TranslateArrowHandle.uexp" 995
"../../../Engine/Content/VREditor/TransformGizmo/RotationHandleIndicator.ubulk" 996
"../../../Engine/Content/VREditor/TransformGizmo/RotationHandleIndicator.uasset" 997
"../../../Engine/Content/VREditor/TransformGizmo/RotationHandleIndicator.uexp" 998
"../../../Engine/Content/VREditor/TransformGizmo/UniformScaleHandle.ubulk" 999
"../../../Engine/Content/VREditor/TransformGizmo/UniformScaleHandle.uasset" 1000
"../../../Engine/Content/VREditor/TransformGizmo/UniformScaleHandle.uexp" 1001
"../../../Engine/Content/VREditor/TransformGizmo/RotationHandleFull.ubulk" 1002
"../../../Engine/Content/VREditor/TransformGizmo/RotationHandleFull.uasset" 1003
"../../../Engine/Content/VREditor/TransformGizmo/RotationHandleFull.uexp" 1004
"../../../Engine/Content/VREditor/Sounds/UI/Object_PickUp.ubulk" 1005
"../../../Engine/Content/VREditor/Sounds/UI/Object_PickUp.uasset" 1006
"../../../Engine/Content/VREditor/Sounds/UI/Object_PickUp.uexp" 1007
"../../../Engine/Plugins/Animation/DeformerGraph/Content/DeformerFunctions/DG_Function_ComputeNormalsTangents.uasset" 1008
"../../../Engine/Plugins/Animation/DeformerGraph/Content/DeformerFunctions/DG_Function_ComputeNormalsTangents.uexp" 1009
"../../../Engine/Plugins/Animation/DeformerGraph/Content/DeformerFunctions/DG_Function_LinearBlendSkin_Morph_Cloth.uasset" 1010
"../../../Engine/Plugins/Animation/DeformerGraph/Content/DeformerFunctions/DG_Function_LinearBlendSkin_Morph_Cloth.uexp" 1011
"../../../Engine/Plugins/Animation/DeformerGraph/Content/DeformerFunctions/DG_Function_LinearBlendSkin_Morph_Cloth_PositionOnly.uasset" 1012
"../../../Engine/Plugins/Animation/DeformerGraph/Content/DeformerFunctions/DG_Function_LinearBlendSkin_Morph_Cloth_PositionOnly.uexp" 1013
"../../../Engine/Plugins/Animation/DeformerGraph/Content/Deformers/DG_LinearBlendSkin_Morph_Cloth.uasset" 1014
"../../../Engine/Plugins/Animation/DeformerGraph/Content/Deformers/DG_LinearBlendSkin_Morph_Cloth.uexp" 1015
"../../../Engine/Plugins/Animation/DeformerGraph/Content/Deformers/DG_LinearBlendSkin_Morph_Cloth_RecomputeNormals.uasset" 1016
"../../../Engine/Plugins/Animation/DeformerGraph/Content/Deformers/DG_LinearBlendSkin_Morph_Cloth_RecomputeNormals.uexp" 1017
"../../../Engine/Plugins/NNE/NNEDenoiser/Content/NNEDT_Oidn2-3_Balanced.uasset" 1018
"../../../Engine/Plugins/NNE/NNEDenoiser/Content/NNEDT_Oidn2-3_Balanced.uexp" 1019
"../../../Engine/Plugins/NNE/NNEDenoiser/Content/NNEDT_Oidn2-3_Balanced_Alpha.uasset" 1020
"../../../Engine/Plugins/NNE/NNEDenoiser/Content/NNEDT_Oidn2-3_Balanced_Alpha.uexp" 1021
"../../../Engine/Plugins/NNE/NNEDenoiser/Content/NNED_Oidn2-3_Balanced.uasset" 1022
"../../../Engine/Plugins/NNE/NNEDenoiser/Content/NNED_Oidn2-3_Balanced.uexp" 1023
"../../../Engine/Plugins/NNE/NNEDenoiser/Content/NNED_Oidn2-3_Balanced_Alpha.uasset" 1024
"../../../Engine/Plugins/NNE/NNEDenoiser/Content/NNED_Oidn2-3_Balanced_Alpha.uexp" 1025
"../../../Engine/Plugins/NNE/NNEDenoiser/Content/NNED_Oidn2-3_Fast.uasset" 1026
"../../../Engine/Plugins/NNE/NNEDenoiser/Content/NNED_Oidn2-3_Fast.uexp" 1027
"../../../Engine/Plugins/NNE/NNEDenoiser/Content/NNED_Oidn2-3_Fast_Alpha.uasset" 1028
"../../../Engine/Plugins/NNE/NNEDenoiser/Content/NNED_Oidn2-3_Fast_Alpha.uexp" 1029
"../../../Engine/Plugins/NNE/NNEDenoiser/Content/NNED_Oidn2-3_HighQuality.uasset" 1030
"../../../Engine/Plugins/NNE/NNEDenoiser/Content/NNED_Oidn2-3_HighQuality.uexp" 1031
"../../../Engine/Plugins/NNE/NNEDenoiser/Content/NNED_Oidn2-3_HighQuality_Alpha.uasset" 1032
"../../../Engine/Plugins/NNE/NNEDenoiser/Content/NNED_Oidn2-3_HighQuality_Alpha.uexp" 1033
"../../../Engine/Plugins/NNE/NNEDenoiser/Content/NNE_oidn2-3-0_rt_hdr_alb_nrm_small__dyn__fp16_opset11_DenoiseAlpha.uasset" 1034
"../../../Engine/Plugins/NNE/NNEDenoiser/Content/NNE_oidn2-3-0_rt_hdr_alb_nrm_small__dyn__fp16_opset11_DenoiseAlpha.uexp" 1035
"../../../Engine/Plugins/NNE/NNEDenoiser/Content/NNE_oidn2-3-0_rt_hdr_alb_nrm_small__dyn__fp16_opset11_ForwardAlpha.uasset" 1036
"../../../Engine/Plugins/NNE/NNEDenoiser/Content/NNE_oidn2-3-0_rt_hdr_alb_nrm_small__dyn__fp16_opset11_ForwardAlpha.uexp" 1037
"../../../Engine/Plugins/NNE/NNEDenoiser/Content/NNE_oidn2-3-0_rt_hdr_alb_nrm__dyn__fp16_opset11_DenoiseAlpha.uasset" 1038
"../../../Engine/Plugins/NNE/NNEDenoiser/Content/NNE_oidn2-3-0_rt_hdr_alb_nrm__dyn__fp16_opset11_DenoiseAlpha.uexp" 1039
"../../../Engine/Plugins/NNE/NNEDenoiser/Content/NNE_oidn2-3-0_rt_hdr_alb_nrm__dyn__fp16_opset11_ForwardAlpha.uasset" 1040
"../../../Engine/Plugins/NNE/NNEDenoiser/Content/NNE_oidn2-3-0_rt_hdr_alb_nrm__dyn__fp16_opset11_ForwardAlpha.uexp" 1041
"../../../Engine/Plugins/NNE/NNEDenoiser/Content/NNE_oidn2-3-0_rt_hdr_calb_cnrm_large__dyn__fp16_opset11_DenoiseAlpha.uasset" 1042
"../../../Engine/Plugins/NNE/NNEDenoiser/Content/NNE_oidn2-3-0_rt_hdr_calb_cnrm_large__dyn__fp16_opset11_DenoiseAlpha.uexp" 1043
"../../../Engine/Plugins/NNE/NNEDenoiser/Content/NNE_oidn2-3-0_rt_hdr_calb_cnrm_large__dyn__fp16_opset11_ForwardAlpha.uasset" 1044
"../../../Engine/Plugins/NNE/NNEDenoiser/Content/NNE_oidn2-3-0_rt_hdr_calb_cnrm_large__dyn__fp16_opset11_ForwardAlpha.uexp" 1045
"D:/Unreal Projects/forest1/Content/lib/blue_prints/metirial/Rock062_2K-JPG_Roughness_jpg.ubulk" 1046
"D:/Unreal Projects/forest1/Content/lib/blue_prints/metirial/Rock062_2K-JPG_Roughness_jpg.uasset" 1047
"D:/Unreal Projects/forest1/Content/lib/blue_prints/metirial/Rock062_2K-JPG_Roughness_jpg.uexp" 1048
"D:/Unreal Projects/forest1/Content/lib/blue_prints/metirial/Rock062_2K-JPG_NormalGL_jpg.ubulk" 1049
"D:/Unreal Projects/forest1/Content/lib/blue_prints/metirial/Rock062_2K-JPG_NormalGL_jpg.uasset" 1050
"D:/Unreal Projects/forest1/Content/lib/blue_prints/metirial/Rock062_2K-JPG_NormalGL_jpg.uexp" 1051
"D:/Unreal Projects/forest1/Content/lib/blue_prints/metirial/Rock062_2K-JPG_Color_jpg.ubulk" 1052
"D:/Unreal Projects/forest1/Content/lib/blue_prints/metirial/Rock062_2K-JPG_Color_jpg.uasset" 1053
"D:/Unreal Projects/forest1/Content/lib/blue_prints/metirial/Rock062_2K-JPG_Color_jpg.uexp" 1054
"D:/Unreal Projects/forest1/Content/lib/blue_prints/metirial/MM_rock.uasset" 1055
"D:/Unreal Projects/forest1/Content/lib/blue_prints/metirial/MM_rock.uexp" 1056
"D:/Unreal Projects/forest1/Content/lib/model/Stone_Island/Rock_018.ubulk" 1057
"D:/Unreal Projects/forest1/Content/lib/model/Stone_Island/Rock_018.uasset" 1058
"D:/Unreal Projects/forest1/Content/lib/model/Stone_Island/Rock_018.uexp" 1059
"D:/Unreal Projects/forest1/Content/lib/model/Stone_Island/BeachRock_001.ubulk" 1060
"D:/Unreal Projects/forest1/Content/lib/model/Stone_Island/BeachRock_001.uasset" 1061
"D:/Unreal Projects/forest1/Content/lib/model/Stone_Island/BeachRock_001.uexp" 1062
"D:/Unreal Projects/forest1/Content/lib/model/StylizedChineseTemple/Environments/Trees/Textures/T_Tree_N.ubulk" 1063
"D:/Unreal Projects/forest1/Content/lib/model/StylizedChineseTemple/Environments/Trees/Textures/T_Tree_N.uasset" 1064
"D:/Unreal Projects/forest1/Content/lib/model/StylizedChineseTemple/Environments/Trees/Textures/T_Tree_N.uexp" 1065
"D:/Unreal Projects/forest1/Content/lib/model/StylizedChineseTemple/Environments/Trees/Textures/T_Tree_D.ubulk" 1066
"D:/Unreal Projects/forest1/Content/lib/model/StylizedChineseTemple/Environments/Trees/Textures/T_Tree_D.uasset" 1067
"D:/Unreal Projects/forest1/Content/lib/model/StylizedChineseTemple/Environments/Trees/Textures/T_Tree_D.uexp" 1068
"D:/Unreal Projects/forest1/Content/lib/model/StylizedChineseTemple/Environments/Trees/Textures/T_Tree_ORME.ubulk" 1069
"D:/Unreal Projects/forest1/Content/lib/model/StylizedChineseTemple/Environments/Trees/Textures/T_Tree_ORME.uasset" 1070
"D:/Unreal Projects/forest1/Content/lib/model/StylizedChineseTemple/Environments/Trees/Textures/T_Tree_ORME.uexp" 1071
"D:/Unreal Projects/forest1/Content/lib/model/StylizedChineseTemple/Environments/Trees/Textures/MM_Tree2.uasset" 1072
"D:/Unreal Projects/forest1/Content/lib/model/StylizedChineseTemple/Environments/Trees/Textures/MM_Tree2.uexp" 1073
"D:/Unreal Projects/forest1/Content/lib/model/StylizedChineseTemple/Environments/Trees/Textures/T_Leaves_N.ubulk" 1074
"D:/Unreal Projects/forest1/Content/lib/model/StylizedChineseTemple/Environments/Trees/Textures/T_Leaves_N.uasset" 1075
"D:/Unreal Projects/forest1/Content/lib/model/StylizedChineseTemple/Environments/Trees/Textures/T_Leaves_N.uexp" 1076
"D:/Unreal Projects/forest1/Content/lib/model/StylizedChineseTemple/Environments/Tree_A/Textures/T_Leaf_D.ubulk" 1077
"D:/Unreal Projects/forest1/Content/lib/model/StylizedChineseTemple/Environments/Tree_A/Textures/T_Leaf_D.uasset" 1078
"D:/Unreal Projects/forest1/Content/lib/model/StylizedChineseTemple/Environments/Tree_A/Textures/T_Leaf_D.uexp" 1079
"D:/Unreal Projects/forest1/Content/lib/model/StylizedChineseTemple/Environments/Trees/Textures/T_Leaves_O.ubulk" 1080
"D:/Unreal Projects/forest1/Content/lib/model/StylizedChineseTemple/Environments/Trees/Textures/T_Leaves_O.uasset" 1081
"D:/Unreal Projects/forest1/Content/lib/model/StylizedChineseTemple/Environments/Trees/Textures/T_Leaves_O.uexp" 1082
"D:/Unreal Projects/forest1/Content/lib/model/StylizedChineseTemple/Environments/Trees/Textures/T_Leaves_ORME.ubulk" 1083
"D:/Unreal Projects/forest1/Content/lib/model/StylizedChineseTemple/Environments/Trees/Textures/T_Leaves_ORME.uasset" 1084
"D:/Unreal Projects/forest1/Content/lib/model/StylizedChineseTemple/Environments/Trees/Textures/T_Leaves_ORME.uexp" 1085
"D:/Unreal Projects/forest1/Content/lib/model/StylizedChineseTemple/Environments/Trees/Textures/MM_Leaf_2.uasset" 1086
"D:/Unreal Projects/forest1/Content/lib/model/StylizedChineseTemple/Environments/Trees/Textures/MM_Leaf_2.uexp" 1087
"D:/Unreal Projects/forest1/Content/lib/model/StylizedChineseTemple/Environments/Trees/SM_Tree_01.ubulk" 1088
"D:/Unreal Projects/forest1/Content/lib/model/StylizedChineseTemple/Environments/Trees/SM_Tree_01.uasset" 1089
"D:/Unreal Projects/forest1/Content/lib/model/StylizedChineseTemple/Environments/Trees/SM_Tree_01.uexp" 1090
"D:/Unreal Projects/forest1/Content/Basic_VFX/Texture/T_glow_2.uasset" 1091
"D:/Unreal Projects/forest1/Content/Basic_VFX/Texture/T_glow_2.uexp" 1092
"D:/Unreal Projects/forest1/Content/Basic_VFX/Materials/M_light.uasset" 1093
"D:/Unreal Projects/forest1/Content/Basic_VFX/Materials/M_light.uexp" 1094
"../../../Engine/Content/Functions/Engine_MaterialFunctions01/Density/ExponentialDensity.uasset" 1095
"../../../Engine/Content/Functions/Engine_MaterialFunctions01/Density/ExponentialDensity.uexp" 1096
"D:/Unreal Projects/forest1/Content/Basic_VFX/Texture/T_texture_fire_03.uasset" 1097
"D:/Unreal Projects/forest1/Content/Basic_VFX/Texture/T_texture_fire_03.uexp" 1098
"../../../Engine/Content/Functions/Engine_MaterialFunctions01/Gradient/LinearGradient.uasset" 1099
"../../../Engine/Content/Functions/Engine_MaterialFunctions01/Gradient/LinearGradient.uexp" 1100
"../../../Engine/Content/Functions/Engine_MaterialFunctions01/ImageAdjustment/CheapContrast.uasset" 1101
"../../../Engine/Content/Functions/Engine_MaterialFunctions01/ImageAdjustment/CheapContrast.uexp" 1102
"../../../Engine/Content/Functions/Engine_MaterialFunctions01/Gradient/RadialGradientExponential.uasset" 1103
"../../../Engine/Content/Functions/Engine_MaterialFunctions01/Gradient/RadialGradientExponential.uexp" 1104
"D:/Unreal Projects/forest1/Content/Basic_VFX/Materials/M_poison.uasset" 1105
"D:/Unreal Projects/forest1/Content/Basic_VFX/Materials/M_poison.uexp" 1106
"D:/Unreal Projects/forest1/Content/Basic_VFX/Niagara/NS_Basic_4.uasset" 1107
"D:/Unreal Projects/forest1/Content/Basic_VFX/Niagara/NS_Basic_4.uexp" 1108
"D:/Unreal Projects/forest1/Content/lib/animation/Animation_blueprint/Tree.uasset" 1109
"D:/Unreal Projects/forest1/Content/lib/animation/Animation_blueprint/Tree.uexp" 1110
"../../../Engine/Content/BasicShapes/Cube.ubulk" 1111
"../../../Engine/Content/BasicShapes/Cube.uasset" 1112
"../../../Engine/Content/BasicShapes/Cube.uexp" 1113
"../../../Engine/Content/Functions/Engine_MaterialFunctions02/ExampleContent/Textures/water_d.ubulk" 1114
"../../../Engine/Content/Functions/Engine_MaterialFunctions02/ExampleContent/Textures/water_d.uasset" 1115
"../../../Engine/Content/Functions/Engine_MaterialFunctions02/ExampleContent/Textures/water_d.uexp" 1116
"../../../Engine/Content/Functions/Engine_MaterialFunctions02/ExampleContent/Textures/water_n.ubulk" 1117
"../../../Engine/Content/Functions/Engine_MaterialFunctions02/ExampleContent/Textures/water_n.uasset" 1118
"../../../Engine/Content/Functions/Engine_MaterialFunctions02/ExampleContent/Textures/water_n.uexp" 1119
"D:/Unreal Projects/forest1/Content/lib/blue_prints/Time_change/ice/M_ice.uasset" 1120
"D:/Unreal Projects/forest1/Content/lib/blue_prints/Time_change/ice/M_ice.uexp" 1121
"D:/Unreal Projects/forest1/Content/lib/blue_prints/Time_change/ice/M_ice_Inst.uasset" 1122
"D:/Unreal Projects/forest1/Content/lib/blue_prints/Time_change/ice/M_ice_Inst.uexp" 1123
"D:/Unreal Projects/forest1/Content/lib/model/T_Water3_N.ubulk" 1124
"D:/Unreal Projects/forest1/Content/lib/model/T_Water3_N.uasset" 1125
"D:/Unreal Projects/forest1/Content/lib/model/T_Water3_N.uexp" 1126
"D:/Unreal Projects/forest1/Content/lib/blue_prints/metirial/MM_water.uasset" 1127
"D:/Unreal Projects/forest1/Content/lib/blue_prints/metirial/MM_water.uexp" 1128
"D:/Unreal Projects/forest1/Content/lib/blue_prints/metirial/MI_water_Inst.uasset" 1129
"D:/Unreal Projects/forest1/Content/lib/blue_prints/metirial/MI_water_Inst.uexp" 1130
"D:/Unreal Projects/forest1/Content/lib/blue_prints/Time_change/ice/Animation_ice.uasset" 1131
"D:/Unreal Projects/forest1/Content/lib/blue_prints/Time_change/ice/Animation_ice.uexp" 1132
"D:/Unreal Projects/forest1/Content/lib/model/mines/DEMO_Textures/T_DEMOAtlasNM_MiningPack.ubulk" 1133
"D:/Unreal Projects/forest1/Content/lib/model/mines/DEMO_Textures/T_DEMOAtlasNM_MiningPack.uasset" 1134
"D:/Unreal Projects/forest1/Content/lib/model/mines/DEMO_Textures/T_DEMOAtlasNM_MiningPack.uexp" 1135
"D:/Unreal Projects/forest1/Content/lib/model/mines/DEMO_Textures/T_DEMOAtlas_MiningPack.ubulk" 1136
"D:/Unreal Projects/forest1/Content/lib/model/mines/DEMO_Textures/T_DEMOAtlas_MiningPack.uasset" 1137
"D:/Unreal Projects/forest1/Content/lib/model/mines/DEMO_Textures/T_DEMOAtlas_MiningPack.uexp" 1138
"D:/Unreal Projects/forest1/Content/lib/model/mines/DEMO_Textures/MM_mining.uasset" 1139
"D:/Unreal Projects/forest1/Content/lib/model/mines/DEMO_Textures/MM_mining.uexp" 1140
"D:/Unreal Projects/forest1/Content/lib/model/mines/SM_DEMOCrystal5_Red.ubulk" 1141
"D:/Unreal Projects/forest1/Content/lib/model/mines/SM_DEMOCrystal5_Red.uasset" 1142
"D:/Unreal Projects/forest1/Content/lib/model/mines/SM_DEMOCrystal5_Red.uexp" 1143
"D:/Unreal Projects/forest1/Content/lib/animation/Animation_blueprint/Mining.uasset" 1144
"D:/Unreal Projects/forest1/Content/lib/animation/Animation_blueprint/Mining.uexp" 1145
"D:/Unreal Projects/forest1/Content/lib/blue_prints/metirial/MM_rock_animation.uasset" 1146
"D:/Unreal Projects/forest1/Content/lib/blue_prints/metirial/MM_rock_animation.uexp" 1147
"D:/Unreal Projects/forest1/Content/lib/blue_prints/metirial/MM_rock_animation_Inst.uasset" 1148
"D:/Unreal Projects/forest1/Content/lib/blue_prints/metirial/MM_rock_animation_Inst.uexp" 1149
"D:/Unreal Projects/forest1/Content/lib/animation/Animation_blueprint/rock.uasset" 1150
"D:/Unreal Projects/forest1/Content/lib/animation/Animation_blueprint/rock.uexp" 1151
"D:/Unreal Projects/forest1/Content/lib/model/Stone_Island/BigROCK.ubulk" 1152
"D:/Unreal Projects/forest1/Content/lib/model/Stone_Island/BigROCK.uasset" 1153
"D:/Unreal Projects/forest1/Content/lib/model/Stone_Island/BigROCK.uexp" 1154
"D:/Unreal Projects/forest1/Content/lib/model/Stone_Island/BigROCK_004.ubulk" 1155
"D:/Unreal Projects/forest1/Content/lib/model/Stone_Island/BigROCK_004.uasset" 1156
"D:/Unreal Projects/forest1/Content/lib/model/Stone_Island/BigROCK_004.uexp" 1157
"D:/Unreal Projects/forest1/Content/lib/blue_prints/UI/WB_fade.uasset" 1158
"D:/Unreal Projects/forest1/Content/lib/blue_prints/UI/WB_fade.uexp" 1159
"D:/Unreal Projects/forest1/Content/lib/blue_prints/metirial/qwantani_afternoon_puresky_2k.uasset" 1160
"D:/Unreal Projects/forest1/Content/lib/blue_prints/metirial/qwantani_afternoon_puresky_2k.uexp" 1161
"D:/Unreal Projects/forest1/Content/lib/blue_prints/metirial/sky.uasset" 1162
"D:/Unreal Projects/forest1/Content/lib/blue_prints/metirial/sky.uexp" 1163
"D:/Unreal Projects/forest1/Content/lib/model/Stone_Island/BigROCK_015.ubulk" 1164
"D:/Unreal Projects/forest1/Content/lib/model/Stone_Island/BigROCK_015.uasset" 1165
"D:/Unreal Projects/forest1/Content/lib/model/Stone_Island/BigROCK_015.uexp" 1166
"D:/Unreal Projects/forest1/Content/lib/blue_prints/elements/sky_dome.ubulk" 1167
"D:/Unreal Projects/forest1/Content/lib/blue_prints/elements/sky_dome.uasset" 1168
"D:/Unreal Projects/forest1/Content/lib/blue_prints/elements/sky_dome.uexp" 1169
"D:/Unreal Projects/forest1/Content/lib/model/Stone_Island/Rock_001.ubulk" 1170
"D:/Unreal Projects/forest1/Content/lib/model/Stone_Island/Rock_001.uasset" 1171
"D:/Unreal Projects/forest1/Content/lib/model/Stone_Island/Rock_001.uexp" 1172
"D:/Unreal Projects/forest1/Content/lib/animation/Animation.uasset" 1173
"D:/Unreal Projects/forest1/Content/lib/animation/Animation.uexp" 1174
"D:/Unreal Projects/forest1/Content/lib/level/Level_animation_1.uexp" 1175
"D:/Unreal Projects/forest1/Content/lib/level/Level_animation_1.umap" 1176
"D:/Unreal Projects/forest1/Content/lib/model/StylizedChineseTemple/Environments/Tree_A/Textures/T_TreeA_N.ubulk" 1177
"D:/Unreal Projects/forest1/Content/lib/model/StylizedChineseTemple/Environments/Tree_A/Textures/T_TreeA_N.uasset" 1178
"D:/Unreal Projects/forest1/Content/lib/model/StylizedChineseTemple/Environments/Tree_A/Textures/T_TreeA_N.uexp" 1179
"D:/Unreal Projects/forest1/Content/lib/model/StylizedChineseTemple/Environments/Tree_A/Textures/T_TreeA_D.ubulk" 1180
"D:/Unreal Projects/forest1/Content/lib/model/StylizedChineseTemple/Environments/Tree_A/Textures/T_TreeA_D.uasset" 1181
"D:/Unreal Projects/forest1/Content/lib/model/StylizedChineseTemple/Environments/Tree_A/Textures/T_TreeA_D.uexp" 1182
"D:/Unreal Projects/forest1/Content/lib/model/StylizedChineseTemple/Environments/Tree_A/Textures/T_TreeA_ORME.ubulk" 1183
"D:/Unreal Projects/forest1/Content/lib/model/StylizedChineseTemple/Environments/Tree_A/Textures/T_TreeA_ORME.uasset" 1184
"D:/Unreal Projects/forest1/Content/lib/model/StylizedChineseTemple/Environments/Tree_A/Textures/T_TreeA_ORME.uexp" 1185
"D:/Unreal Projects/forest1/Content/lib/model/StylizedChineseTemple/Environments/Tree_A/Textures/MM_Tree.uasset" 1186
"D:/Unreal Projects/forest1/Content/lib/model/StylizedChineseTemple/Environments/Tree_A/Textures/MM_Tree.uexp" 1187
"D:/Unreal Projects/forest1/Content/lib/model/StylizedChineseTemple/Environments/Tree_A/Textures/T_Leaf_ORME.ubulk" 1188
"D:/Unreal Projects/forest1/Content/lib/model/StylizedChineseTemple/Environments/Tree_A/Textures/T_Leaf_ORME.uasset" 1189
"D:/Unreal Projects/forest1/Content/lib/model/StylizedChineseTemple/Environments/Tree_A/Textures/T_Leaf_ORME.uexp" 1190
"D:/Unreal Projects/forest1/Content/lib/model/StylizedChineseTemple/Environments/Tree_A/Textures/T_Leaf_N.ubulk" 1191
"D:/Unreal Projects/forest1/Content/lib/model/StylizedChineseTemple/Environments/Tree_A/Textures/T_Leaf_N.uasset" 1192
"D:/Unreal Projects/forest1/Content/lib/model/StylizedChineseTemple/Environments/Tree_A/Textures/T_Leaf_N.uexp" 1193
"D:/Unreal Projects/forest1/Content/lib/model/StylizedChineseTemple/Environments/Tree_A/Textures/T_Leaf_Yellow_D.ubulk" 1194
"D:/Unreal Projects/forest1/Content/lib/model/StylizedChineseTemple/Environments/Tree_A/Textures/T_Leaf_Yellow_D.uasset" 1195
"D:/Unreal Projects/forest1/Content/lib/model/StylizedChineseTemple/Environments/Tree_A/Textures/T_Leaf_Yellow_D.uexp" 1196
"D:/Unreal Projects/forest1/Content/lib/model/StylizedChineseTemple/Environments/Tree_A/Textures/MM_Leaf.uasset" 1197
"D:/Unreal Projects/forest1/Content/lib/model/StylizedChineseTemple/Environments/Tree_A/Textures/MM_Leaf.uexp" 1198
"D:/Unreal Projects/forest1/Content/lib/model/StylizedChineseTemple/Environments/Tree_A/SM_TreeA_01.ubulk" 1199
"D:/Unreal Projects/forest1/Content/lib/model/StylizedChineseTemple/Environments/Tree_A/SM_TreeA_01.uasset" 1200
"D:/Unreal Projects/forest1/Content/lib/model/StylizedChineseTemple/Environments/Tree_A/SM_TreeA_01.uexp" 1201
"D:/Unreal Projects/forest1/Content/FirstPerson/Input/Actions/IA_Look.uasset" 1202
"D:/Unreal Projects/forest1/Content/FirstPerson/Input/Actions/IA_Look.uexp" 1203
"D:/Unreal Projects/forest1/Content/lib/blue_prints/UI/250e78c8202f4d288c776cfb67b10482preview_jpeg_tplv-a9rns2rl98-downsize_watermark_1_5.uasset" 1204
"D:/Unreal Projects/forest1/Content/lib/blue_prints/UI/250e78c8202f4d288c776cfb67b10482preview_jpeg_tplv-a9rns2rl98-downsize_watermark_1_5.uexp" 1205
"D:/Unreal Projects/forest1/Content/lib/blue_prints/UI/wool.uasset" 1206
"D:/Unreal Projects/forest1/Content/lib/blue_prints/UI/wool.uexp" 1207
"D:/Unreal Projects/forest1/Content/lib/blue_prints/UI/a48d8e539ae04d9e9fdf457f472b17capreview_jpeg_tplv-a9rns2rl98-downsize_watermark_1_5.uasset" 1208
"D:/Unreal Projects/forest1/Content/lib/blue_prints/UI/a48d8e539ae04d9e9fdf457f472b17capreview_jpeg_tplv-a9rns2rl98-downsize_watermark_1_5.uexp" 1209
"D:/Unreal Projects/forest1/Content/lib/blue_prints/UI/pannel/Fire.uasset" 1210
"D:/Unreal Projects/forest1/Content/lib/blue_prints/UI/pannel/Fire.uexp" 1211
"D:/Unreal Projects/forest1/Content/lib/blue_prints/UI/pannel/Water.uasset" 1212
"D:/Unreal Projects/forest1/Content/lib/blue_prints/UI/pannel/Water.uexp" 1213
"D:/Unreal Projects/forest1/Content/lib/blue_prints/UI/0ba1593b715641fb9b3f8560621020c9preview_jpeg_tplv-a9rns2rl98-downsize_watermark_1_5.uasset" 1214
"D:/Unreal Projects/forest1/Content/lib/blue_prints/UI/0ba1593b715641fb9b3f8560621020c9preview_jpeg_tplv-a9rns2rl98-downsize_watermark_1_5.uexp" 1215
"D:/Unreal Projects/forest1/Content/lib/blue_prints/UI/d48719ffcbe54f94b75ad701218d59f6preview_jpeg_tplv-a9rns2rl98-downsize_watermark_1_5.uasset" 1216
"D:/Unreal Projects/forest1/Content/lib/blue_prints/UI/d48719ffcbe54f94b75ad701218d59f6preview_jpeg_tplv-a9rns2rl98-downsize_watermark_1_5.uexp" 1217
"D:/Unreal Projects/forest1/Content/lib/blue_prints/UI/pannel/metal.uasset" 1218
"D:/Unreal Projects/forest1/Content/lib/blue_prints/UI/pannel/metal.uexp" 1219
"D:/Unreal Projects/forest1/Content/lib/blue_prints/UI/pannel/Soil.uasset" 1220
"D:/Unreal Projects/forest1/Content/lib/blue_prints/UI/pannel/Soil.uexp" 1221
"D:/Unreal Projects/forest1/Content/lib/blue_prints/UI/pannel/Wood.uasset" 1222
"D:/Unreal Projects/forest1/Content/lib/blue_prints/UI/pannel/Wood.uexp" 1223
"D:/Unreal Projects/forest1/Content/lib/blue_prints/UI/5ab94feb46e745ec8083d072a2b91170preview_jpeg_tplv-a9rns2rl98-downsize_watermark_1_5.uasset" 1224
"D:/Unreal Projects/forest1/Content/lib/blue_prints/UI/5ab94feb46e745ec8083d072a2b91170preview_jpeg_tplv-a9rns2rl98-downsize_watermark_1_5.uexp" 1225
"D:/Unreal Projects/forest1/Content/lib/blue_prints/UI/five_elements.uasset" 1226
"D:/Unreal Projects/forest1/Content/lib/blue_prints/UI/five_elements.uexp" 1227
"D:/Unreal Projects/forest1/Content/lib/blue_prints/UI/pannel/arrow_.uasset" 1228
"D:/Unreal Projects/forest1/Content/lib/blue_prints/UI/pannel/arrow_.uexp" 1229
"D:/Unreal Projects/forest1/Content/lib/blue_prints/UI/picture/Metal.uasset" 1230
"D:/Unreal Projects/forest1/Content/lib/blue_prints/UI/picture/Metal.uexp" 1231
"D:/Unreal Projects/forest1/Content/lib/blue_prints/UI/picture/Fire.uasset" 1232
"D:/Unreal Projects/forest1/Content/lib/blue_prints/UI/picture/Fire.uexp" 1233
"D:/Unreal Projects/forest1/Content/lib/blue_prints/UI/pannel/arrow.uasset" 1234
"D:/Unreal Projects/forest1/Content/lib/blue_prints/UI/pannel/arrow.uexp" 1235
"D:/Unreal Projects/forest1/Content/lib/blue_prints/UI/picture/Wood.uasset" 1236
"D:/Unreal Projects/forest1/Content/lib/blue_prints/UI/picture/Wood.uexp" 1237
"D:/Unreal Projects/forest1/Content/lib/blue_prints/UI/pannel/Orange_circle.uasset" 1238
"D:/Unreal Projects/forest1/Content/lib/blue_prints/UI/pannel/Orange_circle.uexp" 1239
"D:/Unreal Projects/forest1/Content/lib/blue_prints/UI/pannel/Black_circle.uasset" 1240
"D:/Unreal Projects/forest1/Content/lib/blue_prints/UI/pannel/Black_circle.uexp" 1241
"D:/Unreal Projects/forest1/Content/lib/blue_prints/UI/picture/Soil.uasset" 1242
"D:/Unreal Projects/forest1/Content/lib/blue_prints/UI/picture/Soil.uexp" 1243
"D:/Unreal Projects/forest1/Content/lib/blue_prints/UI/picture/Water.uasset" 1244
"D:/Unreal Projects/forest1/Content/lib/blue_prints/UI/picture/Water.uexp" 1245
"D:/Unreal Projects/forest1/Content/lib/blue_prints/UI/pannel/panel.uasset" 1246
"D:/Unreal Projects/forest1/Content/lib/blue_prints/UI/pannel/panel.uexp" 1247
"D:/Unreal Projects/forest1/Content/lib/blue_prints/UI/picture/ElementsTable.uasset" 1248
"D:/Unreal Projects/forest1/Content/lib/blue_prints/UI/picture/ElementsTable.uexp" 1249
"D:/Unreal Projects/forest1/Content/lib/blue_prints/UI/picture/X.uasset" 1250
"D:/Unreal Projects/forest1/Content/lib/blue_prints/UI/picture/X.uexp" 1251
"D:/Unreal Projects/forest1/Content/lib/blue_prints/UI/UI.uasset" 1252
"D:/Unreal Projects/forest1/Content/lib/blue_prints/UI/UI.uexp" 1253
"D:/Unreal Projects/forest1/Content/lib/blue_prints/UI/picture/Z.uasset" 1254
"D:/Unreal Projects/forest1/Content/lib/blue_prints/UI/picture/Z.uexp" 1255
"D:/Unreal Projects/forest1/Content/lib/blue_prints/UI/UI2.uasset" 1256
"D:/Unreal Projects/forest1/Content/lib/blue_prints/UI/UI2.uexp" 1257
"D:/Unreal Projects/forest1/Content/FirstPersonArms/Character/Textures/Manny/T_Manny_02_N.ubulk" 1258
"D:/Unreal Projects/forest1/Content/FirstPersonArms/Character/Textures/Manny/T_Manny_02_N.uasset" 1259
"D:/Unreal Projects/forest1/Content/FirstPersonArms/Character/Textures/Manny/T_Manny_02_N.uexp" 1260
"D:/Unreal Projects/forest1/Content/FirstPersonArms/Character/Textures/Manny/T_Manny_02_BN.ubulk" 1261
"D:/Unreal Projects/forest1/Content/FirstPersonArms/Character/Textures/Manny/T_Manny_02_BN.uasset" 1262
"D:/Unreal Projects/forest1/Content/FirstPersonArms/Character/Textures/Manny/T_Manny_02_BN.uexp" 1263
"D:/Unreal Projects/forest1/Content/FirstPersonArms/Character/Textures/Manny/T_Manny_02_ASAOPMASK_MSK.ubulk" 1264
"D:/Unreal Projects/forest1/Content/FirstPersonArms/Character/Textures/Manny/T_Manny_02_ASAOPMASK_MSK.uasset" 1265
"D:/Unreal Projects/forest1/Content/FirstPersonArms/Character/Textures/Manny/T_Manny_02_ASAOPMASK_MSK.uexp" 1266
"D:/Unreal Projects/forest1/Content/FirstPersonArms/Character/Textures/Manny/T_Manny_01_ASAOPMASK_MSK.ubulk" 1267
"D:/Unreal Projects/forest1/Content/FirstPersonArms/Character/Textures/Manny/T_Manny_01_ASAOPMASK_MSK.uasset" 1268
"D:/Unreal Projects/forest1/Content/FirstPersonArms/Character/Textures/Manny/T_Manny_01_ASAOPMASK_MSK.uexp" 1269
"D:/Unreal Projects/forest1/Content/FirstPersonArms/Character/Textures/Manny/T_Manny_01_CCRCCPlastic_MSK.ubulk" 1270
"D:/Unreal Projects/forest1/Content/FirstPersonArms/Character/Textures/Manny/T_Manny_01_CCRCCPlastic_MSK.uasset" 1271
"D:/Unreal Projects/forest1/Content/FirstPersonArms/Character/Textures/Manny/T_Manny_01_CCRCCPlastic_MSK.uexp" 1272
"D:/Unreal Projects/forest1/Content/FirstPersonArms/Character/Textures/Manny/T_Manny_01_Tan.ubulk" 1273
"D:/Unreal Projects/forest1/Content/FirstPersonArms/Character/Textures/Manny/T_Manny_01_Tan.uasset" 1274
"D:/Unreal Projects/forest1/Content/FirstPersonArms/Character/Textures/Manny/T_Manny_01_Tan.uexp" 1275
"D:/Unreal Projects/forest1/Content/FirstPersonArms/Character/Textures/Manny/T_Manny_01_BN.ubulk" 1276
"D:/Unreal Projects/forest1/Content/FirstPersonArms/Character/Textures/Manny/T_Manny_01_BN.uasset" 1277
"D:/Unreal Projects/forest1/Content/FirstPersonArms/Character/Textures/Manny/T_Manny_01_BN.uexp" 1278
"D:/Unreal Projects/forest1/Content/FirstPersonArms/Character/Textures/Manny/T_Manny_01_MSR_MSK.ubulk" 1279
"D:/Unreal Projects/forest1/Content/FirstPersonArms/Character/Textures/Manny/T_Manny_01_MSR_MSK.uasset" 1280
"D:/Unreal Projects/forest1/Content/FirstPersonArms/Character/Textures/Manny/T_Manny_01_MSR_MSK.uexp" 1281
"D:/Unreal Projects/forest1/Content/FirstPersonArms/Character/Textures/Manny/T_Manny_01_N.ubulk" 1282
"D:/Unreal Projects/forest1/Content/FirstPersonArms/Character/Textures/Manny/T_Manny_01_N.uasset" 1283
"D:/Unreal Projects/forest1/Content/FirstPersonArms/Character/Textures/Manny/T_Manny_01_N.uexp" 1284
"D:/Unreal Projects/forest1/Content/FirstPersonArms/Character/Textures/Manny/T_Manny_01_D.ubulk" 1285
"D:/Unreal Projects/forest1/Content/FirstPersonArms/Character/Textures/Manny/T_Manny_01_D.uasset" 1286
"D:/Unreal Projects/forest1/Content/FirstPersonArms/Character/Textures/Manny/T_Manny_01_D.uexp" 1287
"D:/Unreal Projects/forest1/Content/FirstPersonArms/Character/Materials/Functions/ChromaticCurve.uasset" 1288
"D:/Unreal Projects/forest1/Content/FirstPersonArms/Character/Materials/Functions/ChromaticCurve.uexp" 1289
"D:/Unreal Projects/forest1/Content/FirstPersonArms/Character/Materials/Functions/CA_Mannequin.uasset" 1290
"D:/Unreal Projects/forest1/Content/FirstPersonArms/Character/Materials/Functions/CA_Mannequin.uexp" 1291
"D:/Unreal Projects/forest1/Content/FirstPersonArms/Character/Materials/Functions/MF_Diffraction.uasset" 1292
"D:/Unreal Projects/forest1/Content/FirstPersonArms/Character/Materials/Functions/MF_Diffraction.uexp" 1293
"D:/Unreal Projects/forest1/Content/FirstPersonArms/Character/Textures/Shared/T_UE_Logo_M.uasset" 1294
"D:/Unreal Projects/forest1/Content/FirstPersonArms/Character/Textures/Shared/T_UE_Logo_M.uexp" 1295
"D:/Unreal Projects/forest1/Content/FirstPersonArms/Character/Materials/Functions/MF_logo3layers.uasset" 1296
"D:/Unreal Projects/forest1/Content/FirstPersonArms/Character/Materials/Functions/MF_logo3layers.uexp" 1297
"D:/Unreal Projects/forest1/Content/FirstPersonArms/Character/Materials/Functions/ML_BaseColorFallOff.uasset" 1298
"D:/Unreal Projects/forest1/Content/FirstPersonArms/Character/Materials/Functions/ML_BaseColorFallOff.uexp" 1299
"D:/Unreal Projects/forest1/Content/FirstPersonArms/Character/Materials/M_Mannequin.uasset" 1300
"D:/Unreal Projects/forest1/Content/FirstPersonArms/Character/Materials/M_Mannequin.uexp" 1301
"D:/Unreal Projects/forest1/Content/FirstPersonArms/Character/Materials/Instances/Manny/MI_Manny_01.uasset" 1302
"D:/Unreal Projects/forest1/Content/FirstPersonArms/Character/Materials/Instances/Manny/MI_Manny_01.uexp" 1303
"D:/Unreal Projects/forest1/Content/FirstPersonArms/Character/Textures/Manny/T_Manny_02_CCRCCPlastic_MSK.ubulk" 1304
"D:/Unreal Projects/forest1/Content/FirstPersonArms/Character/Textures/Manny/T_Manny_02_CCRCCPlastic_MSK.uasset" 1305
"D:/Unreal Projects/forest1/Content/FirstPersonArms/Character/Textures/Manny/T_Manny_02_CCRCCPlastic_MSK.uexp" 1306
"D:/Unreal Projects/forest1/Content/FirstPersonArms/Character/Textures/Manny/T_Manny_02_MSR_MSK.ubulk" 1307
"D:/Unreal Projects/forest1/Content/FirstPersonArms/Character/Textures/Manny/T_Manny_02_MSR_MSK.uasset" 1308
"D:/Unreal Projects/forest1/Content/FirstPersonArms/Character/Textures/Manny/T_Manny_02_MSR_MSK.uexp" 1309
"D:/Unreal Projects/forest1/Content/FirstPersonArms/Character/Textures/Manny/T_Manny_02_D.ubulk" 1310
"D:/Unreal Projects/forest1/Content/FirstPersonArms/Character/Textures/Manny/T_Manny_02_D.uasset" 1311
"D:/Unreal Projects/forest1/Content/FirstPersonArms/Character/Textures/Manny/T_Manny_02_D.uexp" 1312
"D:/Unreal Projects/forest1/Content/FirstPersonArms/Character/Textures/Manny/T_Manny_02_Tan.ubulk" 1313
"D:/Unreal Projects/forest1/Content/FirstPersonArms/Character/Textures/Manny/T_Manny_02_Tan.uasset" 1314
"D:/Unreal Projects/forest1/Content/FirstPersonArms/Character/Textures/Manny/T_Manny_02_Tan.uexp" 1315
"D:/Unreal Projects/forest1/Content/FirstPersonArms/Character/Materials/Instances/Manny/MI_Manny_02.uasset" 1316
"D:/Unreal Projects/forest1/Content/FirstPersonArms/Character/Materials/Instances/Manny/MI_Manny_02.uexp" 1317
"D:/Unreal Projects/forest1/Content/FirstPersonArms/Character/Mesh/SK_Mannequin_Arms_PhysicsAsset.uasset" 1318
"D:/Unreal Projects/forest1/Content/FirstPersonArms/Character/Mesh/SK_Mannequin_Arms_PhysicsAsset.uexp" 1319
"D:/Unreal Projects/forest1/Content/FirstPersonArms/Character/Mesh/SK_Mannequin_Arms_Skeleton.uasset" 1320
"D:/Unreal Projects/forest1/Content/FirstPersonArms/Character/Mesh/SK_Mannequin_Arms_Skeleton.uexp" 1321
"D:/Unreal Projects/forest1/Content/FirstPersonArms/Character/Mesh/SK_Mannequin_Arms.uasset" 1322
"D:/Unreal Projects/forest1/Content/FirstPersonArms/Character/Mesh/SK_Mannequin_Arms.uexp" 1323
"D:/Unreal Projects/forest1/Content/FirstPerson/Input/Actions/IA_Move.uasset" 1324
"D:/Unreal Projects/forest1/Content/FirstPerson/Input/Actions/IA_Move.uexp" 1325
"../../../Engine/Content/BasicShapes/Sphere.ubulk" 1326
"../../../Engine/Content/BasicShapes/Sphere.uasset" 1327
"../../../Engine/Content/BasicShapes/Sphere.uexp" 1328
"../../../Engine/Content/BasicShapes/BasicShapeMaterial.uasset" 1329
"../../../Engine/Content/BasicShapes/BasicShapeMaterial.uexp" 1330
"D:/Unreal Projects/forest1/Content/lib/blue_prints/elements/BP_element_bullet.uasset" 1331
"D:/Unreal Projects/forest1/Content/lib/blue_prints/elements/BP_element_bullet.uexp" 1332
"D:/Unreal Projects/forest1/Content/lib/blue_prints/elements/element/Textures/T_Bubles_Packed.ubulk" 1333
"D:/Unreal Projects/forest1/Content/lib/blue_prints/elements/element/Textures/T_Bubles_Packed.uasset" 1334
"D:/Unreal Projects/forest1/Content/lib/blue_prints/elements/element/Textures/T_Bubles_Packed.uexp" 1335
"../../../Engine/Content/Functions/Engine_MaterialFunctions02/HueShift.uasset" 1336
"../../../Engine/Content/Functions/Engine_MaterialFunctions02/HueShift.uexp" 1337
"D:/Unreal Projects/forest1/Content/lib/blue_prints/elements/element/Textures/T_NoisePack1.ubulk" 1338
"D:/Unreal Projects/forest1/Content/lib/blue_prints/elements/element/Textures/T_NoisePack1.uasset" 1339
"D:/Unreal Projects/forest1/Content/lib/blue_prints/elements/element/Textures/T_NoisePack1.uexp" 1340
"D:/Unreal Projects/forest1/Content/lib/blue_prints/elements/element/Materials/Master_Materials/M_BigBlob.uasset" 1341
"D:/Unreal Projects/forest1/Content/lib/blue_prints/elements/element/Materials/Master_Materials/M_BigBlob.uexp" 1342
"D:/Unreal Projects/forest1/Content/lib/blue_prints/elements/element/Materials/Master_Materials/MI_Wood.uasset" 1343
"D:/Unreal Projects/forest1/Content/lib/blue_prints/elements/element/Materials/Master_Materials/MI_Wood.uexp" 1344
"D:/Unreal Projects/forest1/Content/lib/blue_prints/elements/wood_bullet.uasset" 1345
"D:/Unreal Projects/forest1/Content/lib/blue_prints/elements/wood_bullet.uexp" 1346
"D:/Unreal Projects/forest1/Content/lib/blue_prints/elements/element/Materials/Master_Materials/MI_Metal.uasset" 1347
"D:/Unreal Projects/forest1/Content/lib/blue_prints/elements/element/Materials/Master_Materials/MI_Metal.uexp" 1348
"D:/Unreal Projects/forest1/Content/lib/blue_prints/elements/metal_bullet.uasset" 1349
"D:/Unreal Projects/forest1/Content/lib/blue_prints/elements/metal_bullet.uexp" 1350
"D:/Unreal Projects/forest1/Content/FirstPerson/Input/Actions/IA_Jump.uasset" 1351
"D:/Unreal Projects/forest1/Content/FirstPerson/Input/Actions/IA_Jump.uexp" 1352
"D:/Unreal Projects/forest1/Content/FirstPerson/Input/IMC_Default.uasset" 1353
"D:/Unreal Projects/forest1/Content/FirstPerson/Input/IMC_Default.uexp" 1354
"D:/Unreal Projects/forest1/Content/lib/blue_prints/elements/element/Materials/Master_Materials/MI_Water.uasset" 1355
"D:/Unreal Projects/forest1/Content/lib/blue_prints/elements/element/Materials/Master_Materials/MI_Water.uexp" 1356
"D:/Unreal Projects/forest1/Content/lib/blue_prints/elements/water_bullet.uasset" 1357
"D:/Unreal Projects/forest1/Content/lib/blue_prints/elements/water_bullet.uexp" 1358
"D:/Unreal Projects/forest1/Content/lib/blue_prints/elements/element/Materials/Master_Materials/MI_Fire.uasset" 1359
"D:/Unreal Projects/forest1/Content/lib/blue_prints/elements/element/Materials/Master_Materials/MI_Fire.uexp" 1360
"D:/Unreal Projects/forest1/Content/lib/blue_prints/elements/fire_bullet.uasset" 1361
"D:/Unreal Projects/forest1/Content/lib/blue_prints/elements/fire_bullet.uexp" 1362
"../../../Engine/Content/Animation/DefaultAnimCurveCompressionSettings.uasset" 1363
"../../../Engine/Content/Animation/DefaultAnimCurveCompressionSettings.uexp" 1364
"../../../Engine/Content/Animation/DefaultAnimBoneCompressionSettings.uasset" 1365
"../../../Engine/Content/Animation/DefaultAnimBoneCompressionSettings.uexp" 1366
"D:/Unreal Projects/forest1/Content/FirstPersonArms/Animations/FP_Rifle_Idle.uasset" 1367
"D:/Unreal Projects/forest1/Content/FirstPersonArms/Animations/FP_Rifle_Idle.uexp" 1368
"D:/Unreal Projects/forest1/Content/FirstPersonArms/Animations/FP_Rifle_Land.uasset" 1369
"D:/Unreal Projects/forest1/Content/FirstPersonArms/Animations/FP_Rifle_Land.uexp" 1370
"D:/Unreal Projects/forest1/Content/FirstPersonArms/Animations/FP_Rifle_Run.uasset" 1371
"D:/Unreal Projects/forest1/Content/FirstPersonArms/Animations/FP_Rifle_Run.uexp" 1372
"D:/Unreal Projects/forest1/Content/FirstPersonArms/Animations/FP_Rifle_Falling.uasset" 1373
"D:/Unreal Projects/forest1/Content/FirstPersonArms/Animations/FP_Rifle_Falling.uexp" 1374
"../../../Engine/Content/Animation/DefaultRecorderBoneCompression.uasset" 1375
"../../../Engine/Content/Animation/DefaultRecorderBoneCompression.uexp" 1376
"D:/Unreal Projects/forest1/Content/FirstPersonArms/Animations/FP_Idle.uasset" 1377
"D:/Unreal Projects/forest1/Content/FirstPersonArms/Animations/FP_Idle.uexp" 1378
"D:/Unreal Projects/forest1/Content/FirstPersonArms/Animations/FP_Jump.uasset" 1379
"D:/Unreal Projects/forest1/Content/FirstPersonArms/Animations/FP_Jump.uexp" 1380
"D:/Unreal Projects/forest1/Content/FirstPersonArms/Animations/FP_Run_Fwd.uasset" 1381
"D:/Unreal Projects/forest1/Content/FirstPersonArms/Animations/FP_Run_Fwd.uexp" 1382
"D:/Unreal Projects/forest1/Content/FirstPersonArms/Animations/FP_Land.uasset" 1383
"D:/Unreal Projects/forest1/Content/FirstPersonArms/Animations/FP_Land.uexp" 1384
"D:/Unreal Projects/forest1/Content/FirstPersonArms/Animations/FP_Falling.uasset" 1385
"D:/Unreal Projects/forest1/Content/FirstPersonArms/Animations/FP_Falling.uexp" 1386
"../../../Engine/Content/Animation/DefaultVariableFrameStrippingSettings.uasset" 1387
"../../../Engine/Content/Animation/DefaultVariableFrameStrippingSettings.uexp" 1388
"D:/Unreal Projects/forest1/Content/FirstPersonArms/Animations/FP_Rifle_Jump.uasset" 1389
"D:/Unreal Projects/forest1/Content/FirstPersonArms/Animations/FP_Rifle_Jump.uexp" 1390
"D:/Unreal Projects/forest1/Content/FirstPersonArms/Animations/FirstPerson_AnimBP.uasset" 1391
"D:/Unreal Projects/forest1/Content/FirstPersonArms/Animations/FirstPerson_AnimBP.uexp" 1392
"D:/Unreal Projects/forest1/Content/lib/blue_prints/elements/element/Materials/Master_Materials/MI_Soil.uasset" 1393
"D:/Unreal Projects/forest1/Content/lib/blue_prints/elements/element/Materials/Master_Materials/MI_Soil.uexp" 1394
"D:/Unreal Projects/forest1/Content/lib/blue_prints/elements/soil_bullet.uasset" 1395
"D:/Unreal Projects/forest1/Content/lib/blue_prints/elements/soil_bullet.uexp" 1396
"D:/Unreal Projects/forest1/Content/FirstPerson/Blueprints/BP_FirstPersonCharacter.uasset" 1397
"D:/Unreal Projects/forest1/Content/FirstPerson/Blueprints/BP_FirstPersonCharacter.uexp" 1398
"D:/Unreal Projects/forest1/Content/lib/blue_prints/mising_plane/TP.uasset" 1399
"D:/Unreal Projects/forest1/Content/lib/blue_prints/mising_plane/TP.uexp" 1400
"D:/Unreal Projects/forest1/Content/lib/model/StylizedChineseTemple/Environments/WagonCart/Textures/T_Wagon_ORM.ubulk" 1401
"D:/Unreal Projects/forest1/Content/lib/model/StylizedChineseTemple/Environments/WagonCart/Textures/T_Wagon_ORM.uasset" 1402
"D:/Unreal Projects/forest1/Content/lib/model/StylizedChineseTemple/Environments/WagonCart/Textures/T_Wagon_ORM.uexp" 1403
"D:/Unreal Projects/forest1/Content/lib/model/StylizedChineseTemple/Environments/WagonCart/Textures/T_Wagon_N.ubulk" 1404
"D:/Unreal Projects/forest1/Content/lib/model/StylizedChineseTemple/Environments/WagonCart/Textures/T_Wagon_N.uasset" 1405
"D:/Unreal Projects/forest1/Content/lib/model/StylizedChineseTemple/Environments/WagonCart/Textures/T_Wagon_N.uexp" 1406
"D:/Unreal Projects/forest1/Content/lib/model/StylizedChineseTemple/Environments/WagonCart/Textures/T_Wagon_D.ubulk" 1407
"D:/Unreal Projects/forest1/Content/lib/model/StylizedChineseTemple/Environments/WagonCart/Textures/T_Wagon_D.uasset" 1408
"D:/Unreal Projects/forest1/Content/lib/model/StylizedChineseTemple/Environments/WagonCart/Textures/T_Wagon_D.uexp" 1409
"D:/Unreal Projects/forest1/Content/lib/model/StylizedChineseTemple/Environments/WagonCart/Textures/MM_Wagon.uasset" 1410
"D:/Unreal Projects/forest1/Content/lib/model/StylizedChineseTemple/Environments/WagonCart/Textures/MM_Wagon.uexp" 1411
"D:/Unreal Projects/forest1/Content/lib/model/StylizedChineseTemple/Environments/WagonCart/SM_WagonCart_01.ubulk" 1412
"D:/Unreal Projects/forest1/Content/lib/model/StylizedChineseTemple/Environments/WagonCart/SM_WagonCart_01.uasset" 1413
"D:/Unreal Projects/forest1/Content/lib/model/StylizedChineseTemple/Environments/WagonCart/SM_WagonCart_01.uexp" 1414
"D:/Unreal Projects/forest1/Content/lib/model/StylizedChineseTemple/Landscape/Textures/T_Cement_D.ubulk" 1415
"D:/Unreal Projects/forest1/Content/lib/model/StylizedChineseTemple/Landscape/Textures/T_Cement_D.uasset" 1416
"D:/Unreal Projects/forest1/Content/lib/model/StylizedChineseTemple/Landscape/Textures/T_Cement_D.uexp" 1417
"D:/Unreal Projects/forest1/Content/lib/blue_prints/metirial/MM_Floor.uasset" 1418
"D:/Unreal Projects/forest1/Content/lib/blue_prints/metirial/MM_Floor.uexp" 1419
"D:/Unreal Projects/forest1/Content/lib/blue_prints/metirial/MI_Floor_Inst.uasset" 1420
"D:/Unreal Projects/forest1/Content/lib/blue_prints/metirial/MI_Floor_Inst.uexp" 1421
"D:/Unreal Projects/forest1/Content/lib/model/Stone_Island/Rock_023.ubulk" 1422
"D:/Unreal Projects/forest1/Content/lib/model/Stone_Island/Rock_023.uasset" 1423
"D:/Unreal Projects/forest1/Content/lib/model/Stone_Island/Rock_023.uexp" 1424
"D:/Unreal Projects/forest1/Content/lib/model/Stone_Island/Rock_024.ubulk" 1425
"D:/Unreal Projects/forest1/Content/lib/model/Stone_Island/Rock_024.uasset" 1426
"D:/Unreal Projects/forest1/Content/lib/model/Stone_Island/Rock_024.uexp" 1427
"D:/Unreal Projects/forest1/Content/lib/model/Stone_Island/Rock_028.ubulk" 1428
"D:/Unreal Projects/forest1/Content/lib/model/Stone_Island/Rock_028.uasset" 1429
"D:/Unreal Projects/forest1/Content/lib/model/Stone_Island/Rock_028.uexp" 1430
"D:/Unreal Projects/forest1/Content/lib/blue_prints/metirial/MM_rock_drop.uasset" 1431
"D:/Unreal Projects/forest1/Content/lib/blue_prints/metirial/MM_rock_drop.uexp" 1432
"D:/Unreal Projects/forest1/Content/lib/blue_prints/mising_plane/BP_FloorTrap.uasset" 1433
"D:/Unreal Projects/forest1/Content/lib/blue_prints/mising_plane/BP_FloorTrap.uexp" 1434
"D:/Unreal Projects/forest1/Content/lib/model/Stone_Island/Rock_033.ubulk" 1435
"D:/Unreal Projects/forest1/Content/lib/model/Stone_Island/Rock_033.uasset" 1436
"D:/Unreal Projects/forest1/Content/lib/model/Stone_Island/Rock_033.uexp" 1437
"D:/Unreal Projects/forest1/Content/FirstPerson/Blueprints/BP_FirstPersonGameMode.uasset" 1438
"D:/Unreal Projects/forest1/Content/FirstPerson/Blueprints/BP_FirstPersonGameMode.uexp" 1439
"D:/Unreal Projects/forest1/Content/StarterContent/Textures/T_Smoke_SubUV.ubulk" 1440
"D:/Unreal Projects/forest1/Content/StarterContent/Textures/T_Smoke_SubUV.uasset" 1441
"D:/Unreal Projects/forest1/Content/StarterContent/Textures/T_Smoke_SubUV.uexp" 1442
"D:/Unreal Projects/forest1/Content/StarterContent/Textures/T_Smoke_Tiled_D.ubulk" 1443
"D:/Unreal Projects/forest1/Content/StarterContent/Textures/T_Smoke_Tiled_D.uasset" 1444
"D:/Unreal Projects/forest1/Content/StarterContent/Textures/T_Smoke_Tiled_D.uexp" 1445
"D:/Unreal Projects/forest1/Content/StarterContent/Particles/Materials/M_smoke_subUV.uasset" 1446
"D:/Unreal Projects/forest1/Content/StarterContent/Particles/Materials/M_smoke_subUV.uexp" 1447
"D:/Unreal Projects/forest1/Content/StarterContent/Textures/T_Spark_Core.ubulk" 1448
"D:/Unreal Projects/forest1/Content/StarterContent/Textures/T_Spark_Core.uasset" 1449
"D:/Unreal Projects/forest1/Content/StarterContent/Textures/T_Spark_Core.uexp" 1450
"D:/Unreal Projects/forest1/Content/StarterContent/Particles/Materials/M_Spark.uasset" 1451
"D:/Unreal Projects/forest1/Content/StarterContent/Particles/Materials/M_Spark.uexp" 1452
"../../../Engine/Content/Functions/Engine_MaterialFunctions01/Gradient/RadialGradient.uasset" 1453
"../../../Engine/Content/Functions/Engine_MaterialFunctions01/Gradient/RadialGradient.uexp" 1454
"D:/Unreal Projects/forest1/Content/StarterContent/Particles/Materials/M_Radial_Gradient.uasset" 1455
"D:/Unreal Projects/forest1/Content/StarterContent/Particles/Materials/M_Radial_Gradient.uexp" 1456
"D:/Unreal Projects/forest1/Content/StarterContent/Particles/P_Sparks.uasset" 1457
"D:/Unreal Projects/forest1/Content/StarterContent/Particles/P_Sparks.uexp" 1458
"D:/Unreal Projects/forest1/Content/lib/blue_prints/elements/BP_elements.uasset" 1459
"D:/Unreal Projects/forest1/Content/lib/blue_prints/elements/BP_elements.uexp" 1460
"D:/Unreal Projects/forest1/Content/lib/blue_prints/elements/metal.uasset" 1461
"D:/Unreal Projects/forest1/Content/lib/blue_prints/elements/metal.uexp" 1462
"D:/Unreal Projects/forest1/Content/lib/blue_prints/Fire_wood_burn/MM_cristal.uasset" 1463
"D:/Unreal Projects/forest1/Content/lib/blue_prints/Fire_wood_burn/MM_cristal.uexp" 1464
"D:/Unreal Projects/forest1/Content/lib/model/StylizedChineseTemple/Environments/Wall/Textures/T_Wall_ORM.ubulk" 1465
"D:/Unreal Projects/forest1/Content/lib/model/StylizedChineseTemple/Environments/Wall/Textures/T_Wall_ORM.uasset" 1466
"D:/Unreal Projects/forest1/Content/lib/model/StylizedChineseTemple/Environments/Wall/Textures/T_Wall_ORM.uexp" 1467
"D:/Unreal Projects/forest1/Content/lib/model/StylizedChineseTemple/Environments/Wall/Textures/T_Wall_N.ubulk" 1468
"D:/Unreal Projects/forest1/Content/lib/model/StylizedChineseTemple/Environments/Wall/Textures/T_Wall_N.uasset" 1469
"D:/Unreal Projects/forest1/Content/lib/model/StylizedChineseTemple/Environments/Wall/Textures/T_Wall_N.uexp" 1470
"D:/Unreal Projects/forest1/Content/lib/model/StylizedChineseTemple/Environments/Wall/Textures/T_Wall_D.ubulk" 1471
"D:/Unreal Projects/forest1/Content/lib/model/StylizedChineseTemple/Environments/Wall/Textures/T_Wall_D.uasset" 1472
"D:/Unreal Projects/forest1/Content/lib/model/StylizedChineseTemple/Environments/Wall/Textures/T_Wall_D.uexp" 1473
"D:/Unreal Projects/forest1/Content/lib/model/StylizedChineseTemple/Environments/Wall/Textures/MM_Wall.uasset" 1474
"D:/Unreal Projects/forest1/Content/lib/model/StylizedChineseTemple/Environments/Wall/Textures/MM_Wall.uexp" 1475
"D:/Unreal Projects/forest1/Content/lib/animation/next_level.uasset" 1476
"D:/Unreal Projects/forest1/Content/lib/animation/next_level.uexp" 1477
"D:/Unreal Projects/forest1/Content/lib/BGM/dream.ubulk" 1478
"D:/Unreal Projects/forest1/Content/lib/BGM/dream.uasset" 1479
"D:/Unreal Projects/forest1/Content/lib/BGM/dream.uexp" 1480
"D:/Unreal Projects/forest1/Content/lib/model/little_objects/Wooden_Sword/Textures/T_Wooden_Sword_Normal.ubulk" 1481
"D:/Unreal Projects/forest1/Content/lib/model/little_objects/Wooden_Sword/Textures/T_Wooden_Sword_Normal.uasset" 1482
"D:/Unreal Projects/forest1/Content/lib/model/little_objects/Wooden_Sword/Textures/T_Wooden_Sword_Normal.uexp" 1483
"D:/Unreal Projects/forest1/Content/lib/model/little_objects/Wooden_Sword/Textures/T_Wooden_Sword_Base_color.ubulk" 1484
"D:/Unreal Projects/forest1/Content/lib/model/little_objects/Wooden_Sword/Textures/T_Wooden_Sword_Base_color.uasset" 1485
"D:/Unreal Projects/forest1/Content/lib/model/little_objects/Wooden_Sword/Textures/T_Wooden_Sword_Base_color.uexp" 1486
"D:/Unreal Projects/forest1/Content/lib/model/little_objects/Wooden_Sword/Material/M_Wooden_Sword.uasset" 1487
"D:/Unreal Projects/forest1/Content/lib/model/little_objects/Wooden_Sword/Material/M_Wooden_Sword.uexp" 1488
"D:/Unreal Projects/forest1/Content/lib/model/little_objects/Wooden_Sword/Material/MI_Wooden_Sword.uasset" 1489
"D:/Unreal Projects/forest1/Content/lib/model/little_objects/Wooden_Sword/Material/MI_Wooden_Sword.uexp" 1490
"D:/Unreal Projects/forest1/Content/lib/model/little_objects/Wooden_Sword/Mesh/SM_Wooden_Sword.ubulk" 1491
"D:/Unreal Projects/forest1/Content/lib/model/little_objects/Wooden_Sword/Mesh/SM_Wooden_Sword.uasset" 1492
"D:/Unreal Projects/forest1/Content/lib/model/little_objects/Wooden_Sword/Mesh/SM_Wooden_Sword.uexp" 1493
"D:/Unreal Projects/forest1/Content/lib/model/little_objects/Wooden_Sword/Mesh/MM_sword.uasset" 1494
"D:/Unreal Projects/forest1/Content/lib/model/little_objects/Wooden_Sword/Mesh/MM_sword.uexp" 1495
"../../../Engine/Content/Functions/Engine_MaterialFunctions01/ImageAdjustment/3ColorBlend.uasset" 1496
"../../../Engine/Content/Functions/Engine_MaterialFunctions01/ImageAdjustment/3ColorBlend.uexp" 1497
"D:/Unreal Projects/forest1/Content/StarterContent/Textures/T_Perlin_Noise_M.ubulk" 1498
"D:/Unreal Projects/forest1/Content/StarterContent/Textures/T_Perlin_Noise_M.uasset" 1499
"D:/Unreal Projects/forest1/Content/StarterContent/Textures/T_Perlin_Noise_M.uexp" 1500
"D:/Unreal Projects/forest1/Content/lib/model/Stone_Island/Bang_mau-01.uasset" 1501
"D:/Unreal Projects/forest1/Content/lib/model/Stone_Island/Bang_mau-01.uexp" 1502
"D:/Unreal Projects/forest1/Content/lib/blue_prints/Fire_wood_burn/MM_burn.uasset" 1503
"D:/Unreal Projects/forest1/Content/lib/blue_prints/Fire_wood_burn/MM_burn.uexp" 1504
"D:/Unreal Projects/forest1/Content/lib/blue_prints/Fire_wood_burn/MM_burn_Inst.uasset" 1505
"D:/Unreal Projects/forest1/Content/lib/blue_prints/Fire_wood_burn/MM_burn_Inst.uexp" 1506
"D:/Unreal Projects/forest1/Content/lib/model/Stone_Island/Bang_mau-01_Mat_light.uasset" 1507
"D:/Unreal Projects/forest1/Content/lib/model/Stone_Island/Bang_mau-01_Mat_light.uexp" 1508
"D:/Unreal Projects/forest1/Content/lib/model/Stone_Island/Bang_mau-01_Mat_light_Inst.uasset" 1509
"D:/Unreal Projects/forest1/Content/lib/model/Stone_Island/Bang_mau-01_Mat_light_Inst.uexp" 1510
"D:/Unreal Projects/forest1/Content/lib/model/Stone_Island/Wood.ubulk" 1511
"D:/Unreal Projects/forest1/Content/lib/model/Stone_Island/Wood.uasset" 1512
"D:/Unreal Projects/forest1/Content/lib/model/Stone_Island/Wood.uexp" 1513
"D:/Unreal Projects/forest1/Content/lib/blue_prints/Fire_wood_burn/MM_wood.uasset" 1514
"D:/Unreal Projects/forest1/Content/lib/blue_prints/Fire_wood_burn/MM_wood.uexp" 1515
"D:/Unreal Projects/forest1/Content/lib/model/little_objects/torch/source/FancyTorch_FancyTorch.ubulk" 1516
"D:/Unreal Projects/forest1/Content/lib/model/little_objects/torch/source/FancyTorch_FancyTorch.uasset" 1517
"D:/Unreal Projects/forest1/Content/lib/model/little_objects/torch/source/FancyTorch_FancyTorch.uexp" 1518
"D:/Unreal Projects/forest1/Content/lib/model/little_objects/torch/source/Leather_Leather.ubulk" 1519
"D:/Unreal Projects/forest1/Content/lib/model/little_objects/torch/source/Leather_Leather.uasset" 1520
"D:/Unreal Projects/forest1/Content/lib/model/little_objects/torch/source/Leather_Leather.uexp" 1521
"D:/Unreal Projects/forest1/Content/lib/model/little_objects/torch/source/Torch.uasset" 1522
"D:/Unreal Projects/forest1/Content/lib/model/little_objects/torch/source/Torch.uexp" 1523
"D:/Unreal Projects/forest1/Content/lib/model/Stone_Island/Rock_022.ubulk" 1524
"D:/Unreal Projects/forest1/Content/lib/model/Stone_Island/Rock_022.uasset" 1525
"D:/Unreal Projects/forest1/Content/lib/model/Stone_Island/Rock_022.uexp" 1526
"D:/Unreal Projects/forest1/Content/lib/blue_prints/mising_plane/TP2.uasset" 1527
"D:/Unreal Projects/forest1/Content/lib/blue_prints/mising_plane/TP2.uexp" 1528
"D:/Unreal Projects/forest1/Content/lib/model/Stone_Island/Cube_011.ubulk" 1529
"D:/Unreal Projects/forest1/Content/lib/model/Stone_Island/Cube_011.uasset" 1530
"D:/Unreal Projects/forest1/Content/lib/model/Stone_Island/Cube_011.uexp" 1531
"../../../Engine/Content/EngineMaterials/DefaultPhysicalMaterial.uasset" 1532
"../../../Engine/Content/EngineMaterials/DefaultPhysicalMaterial.uexp" 1533
"D:/Unreal Projects/forest1/Content/lib/model/Stone_Island/Rock_014.ubulk" 1534
"D:/Unreal Projects/forest1/Content/lib/model/Stone_Island/Rock_014.uasset" 1535
"D:/Unreal Projects/forest1/Content/lib/model/Stone_Island/Rock_014.uexp" 1536
"D:/Unreal Projects/forest1/Content/lib/model/StylizedChineseTemple/Environments/BigGate/SM_CombinedModule_018.ubulk" 1537
"D:/Unreal Projects/forest1/Content/lib/model/StylizedChineseTemple/Environments/BigGate/SM_CombinedModule_018.uasset" 1538
"D:/Unreal Projects/forest1/Content/lib/model/StylizedChineseTemple/Environments/BigGate/SM_CombinedModule_018.uexp" 1539
"D:/Unreal Projects/forest1/Content/lib/blue_prints/UI/Magic2.ubulk" 1540
"D:/Unreal Projects/forest1/Content/lib/blue_prints/UI/Magic2.uasset" 1541
"D:/Unreal Projects/forest1/Content/lib/blue_prints/UI/Magic2.uexp" 1542
"D:/Unreal Projects/forest1/Content/lib/blue_prints/UI/EightTrigrams2.uasset" 1543
"D:/Unreal Projects/forest1/Content/lib/blue_prints/UI/EightTrigrams2.uexp" 1544
"D:/Unreal Projects/forest1/Content/lib/model/Stone_Island/BeachRock_003.ubulk" 1545
"D:/Unreal Projects/forest1/Content/lib/model/Stone_Island/BeachRock_003.uasset" 1546
"D:/Unreal Projects/forest1/Content/lib/model/Stone_Island/BeachRock_003.uexp" 1547
"D:/Unreal Projects/forest1/Content/lib/blue_prints/Fire_wood_burn/MP_burn.uasset" 1548
"D:/Unreal Projects/forest1/Content/lib/blue_prints/Fire_wood_burn/MP_burn.uexp" 1549
"D:/Unreal Projects/forest1/Content/lib/blue_prints/Fire_wood_burn/MM_opacity.uasset" 1550
"D:/Unreal Projects/forest1/Content/lib/blue_prints/Fire_wood_burn/MM_opacity.uexp" 1551
"../../../Engine/Content/EditorMeshes/EditorSphere.ubulk" 1552
"../../../Engine/Content/EditorMeshes/EditorSphere.uasset" 1553
"../../../Engine/Content/EditorMeshes/EditorSphere.uexp" 1554
"D:/Unreal Projects/forest1/Content/lib/blue_prints/Fire_wood_burn/BP_sphere.uasset" 1555
"D:/Unreal Projects/forest1/Content/lib/blue_prints/Fire_wood_burn/BP_sphere.uexp" 1556
"D:/Unreal Projects/forest1/Content/lib/model/little_objects/torch/source/Coal_Coal.ubulk" 1557
"D:/Unreal Projects/forest1/Content/lib/model/little_objects/torch/source/Coal_Coal.uasset" 1558
"D:/Unreal Projects/forest1/Content/lib/model/little_objects/torch/source/Coal_Coal.uexp" 1559
"D:/Unreal Projects/forest1/Content/Basic_VFX/Texture/T_ring.uasset" 1560
"D:/Unreal Projects/forest1/Content/Basic_VFX/Texture/T_ring.uexp" 1561
"D:/Unreal Projects/forest1/Content/Basic_VFX/Materials/M_light_2.uasset" 1562
"D:/Unreal Projects/forest1/Content/Basic_VFX/Materials/M_light_2.uexp" 1563
"D:/Unreal Projects/forest1/Content/Basic_VFX/Niagara/NS_Basic_13.uasset" 1564
"D:/Unreal Projects/forest1/Content/Basic_VFX/Niagara/NS_Basic_13.uexp" 1565
"D:/Unreal Projects/forest1/Content/lib/blue_prints/Fire_wood_burn/Fire.uasset" 1566
"D:/Unreal Projects/forest1/Content/lib/blue_prints/Fire_wood_burn/Fire.uexp" 1567
"D:/Unreal Projects/forest1/Content/lib/model/StylizedChineseTemple/Environments/WagonCart/SM_Sandbag.ubulk" 1568
"D:/Unreal Projects/forest1/Content/lib/model/StylizedChineseTemple/Environments/WagonCart/SM_Sandbag.uasset" 1569
"D:/Unreal Projects/forest1/Content/lib/model/StylizedChineseTemple/Environments/WagonCart/SM_Sandbag.uexp" 1570
"D:/Unreal Projects/forest1/Content/lib/model/StylizedChineseTemple/Environments/Gate/Textures/T_Gate_D.ubulk" 1571
"D:/Unreal Projects/forest1/Content/lib/model/StylizedChineseTemple/Environments/Gate/Textures/T_Gate_D.uasset" 1572
"D:/Unreal Projects/forest1/Content/lib/model/StylizedChineseTemple/Environments/Gate/Textures/T_Gate_D.uexp" 1573
"D:/Unreal Projects/forest1/Content/lib/model/StylizedChineseTemple/Environments/Gate/Textures/T_Gate_ORM.ubulk" 1574
"D:/Unreal Projects/forest1/Content/lib/model/StylizedChineseTemple/Environments/Gate/Textures/T_Gate_ORM.uasset" 1575
"D:/Unreal Projects/forest1/Content/lib/model/StylizedChineseTemple/Environments/Gate/Textures/T_Gate_ORM.uexp" 1576
"D:/Unreal Projects/forest1/Content/lib/model/StylizedChineseTemple/Environments/Gate/Textures/T_Gate_N.ubulk" 1577
"D:/Unreal Projects/forest1/Content/lib/model/StylizedChineseTemple/Environments/Gate/Textures/T_Gate_N.uasset" 1578
"D:/Unreal Projects/forest1/Content/lib/model/StylizedChineseTemple/Environments/Gate/Textures/T_Gate_N.uexp" 1579
"D:/Unreal Projects/forest1/Content/lib/model/StylizedChineseTemple/Environments/Gate/Textures/MM_Gate.uasset" 1580
"D:/Unreal Projects/forest1/Content/lib/model/StylizedChineseTemple/Environments/Gate/Textures/MM_Gate.uexp" 1581
"D:/Unreal Projects/forest1/Content/lib/model/StylizedChineseTemple/Environments/Gate/SM_Gate.ubulk" 1582
"D:/Unreal Projects/forest1/Content/lib/model/StylizedChineseTemple/Environments/Gate/SM_Gate.uasset" 1583
"D:/Unreal Projects/forest1/Content/lib/model/StylizedChineseTemple/Environments/Gate/SM_Gate.uexp" 1584
"D:/Unreal Projects/forest1/Content/lib/model/Stone_Island/Rock_032.ubulk" 1585
"D:/Unreal Projects/forest1/Content/lib/model/Stone_Island/Rock_032.uasset" 1586
"D:/Unreal Projects/forest1/Content/lib/model/Stone_Island/Rock_032.uexp" 1587
"D:/Unreal Projects/forest1/Content/lib/model/Stone_Island/Rock_034.ubulk" 1588
"D:/Unreal Projects/forest1/Content/lib/model/Stone_Island/Rock_034.uasset" 1589
"D:/Unreal Projects/forest1/Content/lib/model/Stone_Island/Rock_034.uexp" 1590
"../../../Engine/Content/Functions/Engine_MaterialFunctions02/Utility/BlendAngleCorrectedNormals.uasset" 1591
"../../../Engine/Content/Functions/Engine_MaterialFunctions02/Utility/BlendAngleCorrectedNormals.uexp" 1592
"D:/Unreal Projects/forest1/Content/StarterContent/Textures/T_Water_N.ubulk" 1593
"D:/Unreal Projects/forest1/Content/StarterContent/Textures/T_Water_N.uasset" 1594
"D:/Unreal Projects/forest1/Content/StarterContent/Textures/T_Water_N.uexp" 1595
"D:/Unreal Projects/forest1/Content/StarterContent/Textures/T_Water_M.ubulk" 1596
"D:/Unreal Projects/forest1/Content/StarterContent/Textures/T_Water_M.uasset" 1597
"D:/Unreal Projects/forest1/Content/StarterContent/Textures/T_Water_M.uexp" 1598
"D:/Unreal Projects/forest1/Content/StarterContent/Materials/M_Water_Ocean.uasset" 1599
"D:/Unreal Projects/forest1/Content/StarterContent/Materials/M_Water_Ocean.uexp" 1600
"D:/Unreal Projects/forest1/Content/lib/blue_prints/metirial/MI_water_main.uasset" 1601
"D:/Unreal Projects/forest1/Content/lib/blue_prints/metirial/MI_water_main.uexp" 1602
"D:/Unreal Projects/forest1/Content/lib/blue_prints/Time_change/ice/ice.uasset" 1603
"D:/Unreal Projects/forest1/Content/lib/blue_prints/Time_change/ice/ice.uexp" 1604
"D:/Unreal Projects/forest1/Content/lib/model/StylizedChineseTemple/Environments/Buildings/SM_BackPart.ubulk" 1605
"D:/Unreal Projects/forest1/Content/lib/model/StylizedChineseTemple/Environments/Buildings/SM_BackPart.uasset" 1606
"D:/Unreal Projects/forest1/Content/lib/model/StylizedChineseTemple/Environments/Buildings/SM_BackPart.uexp" 1607
"D:/Unreal Projects/forest1/Content/lib/blue_prints/save_all_thing.uasset" 1608
"D:/Unreal Projects/forest1/Content/lib/blue_prints/save_all_thing.uexp" 1609
"D:/Unreal Projects/forest1/Content/lib/model/Stone_Island/Rock_006.ubulk" 1610
"D:/Unreal Projects/forest1/Content/lib/model/Stone_Island/Rock_006.uasset" 1611
"D:/Unreal Projects/forest1/Content/lib/model/Stone_Island/Rock_006.uexp" 1612
"D:/Unreal Projects/forest1/Content/lib/model/StylizedChineseTemple/Environments/Tree_A/SM_TreeA_03.ubulk" 1613
"D:/Unreal Projects/forest1/Content/lib/model/StylizedChineseTemple/Environments/Tree_A/SM_TreeA_03.uasset" 1614
"D:/Unreal Projects/forest1/Content/lib/model/StylizedChineseTemple/Environments/Tree_A/SM_TreeA_03.uexp" 1615
"D:/Unreal Projects/forest1/Content/lib/model/Stone_Island/Rock_010.ubulk" 1616
"D:/Unreal Projects/forest1/Content/lib/model/Stone_Island/Rock_010.uasset" 1617
"D:/Unreal Projects/forest1/Content/lib/model/Stone_Island/Rock_010.uexp" 1618
"D:/Unreal Projects/forest1/Content/lib/model/StylizedChineseTemple/Environments/BigGate/Textures/T_BigGate_D.ubulk" 1619
"D:/Unreal Projects/forest1/Content/lib/model/StylizedChineseTemple/Environments/BigGate/Textures/T_BigGate_D.uasset" 1620
"D:/Unreal Projects/forest1/Content/lib/model/StylizedChineseTemple/Environments/BigGate/Textures/T_BigGate_D.uexp" 1621
"D:/Unreal Projects/forest1/Content/lib/model/StylizedChineseTemple/Environments/BigGate/Textures/T_BigGate_N.ubulk" 1622
"D:/Unreal Projects/forest1/Content/lib/model/StylizedChineseTemple/Environments/BigGate/Textures/T_BigGate_N.uasset" 1623
"D:/Unreal Projects/forest1/Content/lib/model/StylizedChineseTemple/Environments/BigGate/Textures/T_BigGate_N.uexp" 1624
"D:/Unreal Projects/forest1/Content/lib/model/StylizedChineseTemple/Environments/BigGate/Textures/T_BigGate_ORM.ubulk" 1625
"D:/Unreal Projects/forest1/Content/lib/model/StylizedChineseTemple/Environments/BigGate/Textures/T_BigGate_ORM.uasset" 1626
"D:/Unreal Projects/forest1/Content/lib/model/StylizedChineseTemple/Environments/BigGate/Textures/T_BigGate_ORM.uexp" 1627
"D:/Unreal Projects/forest1/Content/lib/model/StylizedChineseTemple/Environments/BigGate/Textures/MM_BigGate.uasset" 1628
"D:/Unreal Projects/forest1/Content/lib/model/StylizedChineseTemple/Environments/BigGate/Textures/MM_BigGate.uexp" 1629
"D:/Unreal Projects/forest1/Content/lib/model/Stone_Island/Rock_011.ubulk" 1630
"D:/Unreal Projects/forest1/Content/lib/model/Stone_Island/Rock_011.uasset" 1631
"D:/Unreal Projects/forest1/Content/lib/model/Stone_Island/Rock_011.uexp" 1632
"D:/Unreal Projects/forest1/Content/lib/model/StylizedChineseTemple/Environments/Tree_A/SM_TreeA_02.ubulk" 1633
"D:/Unreal Projects/forest1/Content/lib/model/StylizedChineseTemple/Environments/Tree_A/SM_TreeA_02.uasset" 1634
"D:/Unreal Projects/forest1/Content/lib/model/StylizedChineseTemple/Environments/Tree_A/SM_TreeA_02.uexp" 1635
"D:/Unreal Projects/forest1/Content/lib/blue_prints/Fire_wood_burn/MM_burn_test.uasset" 1636
"D:/Unreal Projects/forest1/Content/lib/blue_prints/Fire_wood_burn/MM_burn_test.uexp" 1637
"D:/Unreal Projects/forest1/Content/lib/model/Stone_Island/Rock_013.ubulk" 1638
"D:/Unreal Projects/forest1/Content/lib/model/Stone_Island/Rock_013.uasset" 1639
"D:/Unreal Projects/forest1/Content/lib/model/Stone_Island/Rock_013.uexp" 1640
"D:/Unreal Projects/forest1/Content/lib/model/little_objects/ladder/source/myladder.ubulk" 1641
"D:/Unreal Projects/forest1/Content/lib/model/little_objects/ladder/source/myladder.uasset" 1642
"D:/Unreal Projects/forest1/Content/lib/model/little_objects/ladder/source/myladder.uexp" 1643
"D:/Unreal Projects/forest1/Content/lib/blue_prints/climb/ladder.uasset" 1644
"D:/Unreal Projects/forest1/Content/lib/blue_prints/climb/ladder.uexp" 1645
"D:/Unreal Projects/forest1/Content/lib/model/little_objects/book/book/source/BookA.ubulk" 1646
"D:/Unreal Projects/forest1/Content/lib/model/little_objects/book/book/source/BookA.uasset" 1647
"D:/Unreal Projects/forest1/Content/lib/model/little_objects/book/book/source/BookA.uexp" 1648
"D:/Unreal Projects/forest1/Content/lib/animation/WaterAnimation.uasset" 1649
"D:/Unreal Projects/forest1/Content/lib/animation/WaterAnimation.uexp" 1650
"D:/Unreal Projects/forest1/Content/lib/model/little_objects/book/book/textures/BookA_BookA_Grey_BaseColor.ubulk" 1651
"D:/Unreal Projects/forest1/Content/lib/model/little_objects/book/book/textures/BookA_BookA_Grey_BaseColor.uasset" 1652
"D:/Unreal Projects/forest1/Content/lib/model/little_objects/book/book/textures/BookA_BookA_Grey_BaseColor.uexp" 1653
"D:/Unreal Projects/forest1/Content/lib/model/little_objects/book/book/textures/BookA_BookA_Grey_Roughness.ubulk" 1654
"D:/Unreal Projects/forest1/Content/lib/model/little_objects/book/book/textures/BookA_BookA_Grey_Roughness.uasset" 1655
"D:/Unreal Projects/forest1/Content/lib/model/little_objects/book/book/textures/BookA_BookA_Grey_Roughness.uexp" 1656
"D:/Unreal Projects/forest1/Content/lib/model/little_objects/book/book/textures/BookA_BookA_Grey_Occlusion.ubulk" 1657
"D:/Unreal Projects/forest1/Content/lib/model/little_objects/book/book/textures/BookA_BookA_Grey_Occlusion.uasset" 1658
"D:/Unreal Projects/forest1/Content/lib/model/little_objects/book/book/textures/BookA_BookA_Grey_Occlusion.uexp" 1659
"D:/Unreal Projects/forest1/Content/lib/model/little_objects/book/book/textures/BookA_BookA_Grey_Normal.ubulk" 1660
"D:/Unreal Projects/forest1/Content/lib/model/little_objects/book/book/textures/BookA_BookA_Grey_Normal.uasset" 1661
"D:/Unreal Projects/forest1/Content/lib/model/little_objects/book/book/textures/BookA_BookA_Grey_Normal.uexp" 1662
"D:/Unreal Projects/forest1/Content/lib/model/little_objects/book/book/textures/MM_book.uasset" 1663
"D:/Unreal Projects/forest1/Content/lib/model/little_objects/book/book/textures/MM_book.uexp" 1664
"D:/Unreal Projects/forest1/Content/lib/blue_prints/get_ability/BP_get.uasset" 1665
"D:/Unreal Projects/forest1/Content/lib/blue_prints/get_ability/BP_get.uexp" 1666
"D:/Unreal Projects/forest1/Content/lib/model/Stone_Island/Rock_036.ubulk" 1667
"D:/Unreal Projects/forest1/Content/lib/model/Stone_Island/Rock_036.uasset" 1668
"D:/Unreal Projects/forest1/Content/lib/model/Stone_Island/Rock_036.uexp" 1669
"D:/Unreal Projects/forest1/Content/lib/level/Level_2.uexp" 1670
"D:/Unreal Projects/forest1/Content/lib/level/Level_2.ubulk" 1671
"D:/Unreal Projects/forest1/Content/lib/level/Level_2.umap" 1672
"D:/Unreal Projects/forest1/Content/lib/model/StylizedChineseTemple/Environments/Trees/SM_Tree_06.ubulk" 1673
"D:/Unreal Projects/forest1/Content/lib/model/StylizedChineseTemple/Environments/Trees/SM_Tree_06.uasset" 1674
"D:/Unreal Projects/forest1/Content/lib/model/StylizedChineseTemple/Environments/Trees/SM_Tree_06.uexp" 1675
"D:/Unreal Projects/forest1/Content/lib/level/_GENERATED/22626/Extrude_6442DF99.ubulk" 1676
"D:/Unreal Projects/forest1/Content/lib/level/_GENERATED/22626/Extrude_6442DF99.uasset" 1677
"D:/Unreal Projects/forest1/Content/lib/level/_GENERATED/22626/Extrude_6442DF99.uexp" 1678
"D:/Unreal Projects/forest1/Content/StarterContent/Textures/T_Wood_Oak_N.ubulk" 1679
"D:/Unreal Projects/forest1/Content/StarterContent/Textures/T_Wood_Oak_N.uasset" 1680
"D:/Unreal Projects/forest1/Content/StarterContent/Textures/T_Wood_Oak_N.uexp" 1681
"D:/Unreal Projects/forest1/Content/StarterContent/Textures/T_Wood_Oak_D.ubulk" 1682
"D:/Unreal Projects/forest1/Content/StarterContent/Textures/T_Wood_Oak_D.uasset" 1683
"D:/Unreal Projects/forest1/Content/StarterContent/Textures/T_Wood_Oak_D.uexp" 1684
"D:/Unreal Projects/forest1/Content/StarterContent/Textures/T_MacroVariation.uasset" 1685
"D:/Unreal Projects/forest1/Content/StarterContent/Textures/T_MacroVariation.uexp" 1686
"D:/Unreal Projects/forest1/Content/StarterContent/Materials/M_Wood_Oak.uasset" 1687
"D:/Unreal Projects/forest1/Content/StarterContent/Materials/M_Wood_Oak.uexp" 1688
"D:/Unreal Projects/forest1/Content/lib/blue_prints/metirial/wood_Inst.uasset" 1689
"D:/Unreal Projects/forest1/Content/lib/blue_prints/metirial/wood_Inst.uexp" 1690
"D:/Unreal Projects/forest1/Content/lib/level/_GENERATED/Admin/Boolean_AD918CE9.ubulk" 1691
"D:/Unreal Projects/forest1/Content/lib/level/_GENERATED/Admin/Boolean_AD918CE9.uasset" 1692
"D:/Unreal Projects/forest1/Content/lib/level/_GENERATED/Admin/Boolean_AD918CE9.uexp" 1693
"D:/Unreal Projects/forest1/Content/lib/blue_prints/metirial/rock_Inst.uasset" 1694
"D:/Unreal Projects/forest1/Content/lib/blue_prints/metirial/rock_Inst.uexp" 1695
"D:/Unreal Projects/forest1/Content/lib/level/_GENERATED/22626/Extrude_DC2C0F61.ubulk" 1696
"D:/Unreal Projects/forest1/Content/lib/level/_GENERATED/22626/Extrude_DC2C0F61.uasset" 1697
"D:/Unreal Projects/forest1/Content/lib/level/_GENERATED/22626/Extrude_DC2C0F61.uexp" 1698
"D:/Unreal Projects/forest1/Content/lib/model/Stone_Island/Rock_027.ubulk" 1699
"D:/Unreal Projects/forest1/Content/lib/model/Stone_Island/Rock_027.uasset" 1700
"D:/Unreal Projects/forest1/Content/lib/model/Stone_Island/Rock_027.uexp" 1701
"D:/Unreal Projects/forest1/Content/lib/model/Stone_Island/Rock_009.ubulk" 1702
"D:/Unreal Projects/forest1/Content/lib/model/Stone_Island/Rock_009.uasset" 1703
"D:/Unreal Projects/forest1/Content/lib/model/Stone_Island/Rock_009.uexp" 1704
"D:/Unreal Projects/forest1/Content/lib/model/StylizedChineseTemple/Environments/BellTower/Textures/T_ChineseTempleProps_ORM.ubulk" 1705
"D:/Unreal Projects/forest1/Content/lib/model/StylizedChineseTemple/Environments/BellTower/Textures/T_ChineseTempleProps_ORM.uasset" 1706
"D:/Unreal Projects/forest1/Content/lib/model/StylizedChineseTemple/Environments/BellTower/Textures/T_ChineseTempleProps_ORM.uexp" 1707
"D:/Unreal Projects/forest1/Content/lib/model/StylizedChineseTemple/Environments/BellTower/Textures/T_ChineseTempleProps_N.ubulk" 1708
"D:/Unreal Projects/forest1/Content/lib/model/StylizedChineseTemple/Environments/BellTower/Textures/T_ChineseTempleProps_N.uasset" 1709
"D:/Unreal Projects/forest1/Content/lib/model/StylizedChineseTemple/Environments/BellTower/Textures/T_ChineseTempleProps_N.uexp" 1710
"D:/Unreal Projects/forest1/Content/lib/model/StylizedChineseTemple/Environments/BellTower/Textures/T_ChineseTempleProps_D.ubulk" 1711
"D:/Unreal Projects/forest1/Content/lib/model/StylizedChineseTemple/Environments/BellTower/Textures/T_ChineseTempleProps_D.uasset" 1712
"D:/Unreal Projects/forest1/Content/lib/model/StylizedChineseTemple/Environments/BellTower/Textures/T_ChineseTempleProps_D.uexp" 1713
"D:/Unreal Projects/forest1/Content/lib/model/StylizedChineseTemple/Environments/BellTower/Textures/MM_Tower2.uasset" 1714
"D:/Unreal Projects/forest1/Content/lib/model/StylizedChineseTemple/Environments/BellTower/Textures/MM_Tower2.uexp" 1715
"D:/Unreal Projects/forest1/Content/lib/level/_GENERATED/22626/Extrude_B763B259.ubulk" 1716
"D:/Unreal Projects/forest1/Content/lib/level/_GENERATED/22626/Extrude_B763B259.uasset" 1717
"D:/Unreal Projects/forest1/Content/lib/level/_GENERATED/22626/Extrude_B763B259.uexp" 1718
"D:/Unreal Projects/forest1/Content/lib/model/Stone_Island/BeachRock_004.ubulk" 1719
"D:/Unreal Projects/forest1/Content/lib/model/Stone_Island/BeachRock_004.uasset" 1720
"D:/Unreal Projects/forest1/Content/lib/model/Stone_Island/BeachRock_004.uexp" 1721
"D:/Unreal Projects/forest1/Content/lib/blue_prints/UI/picture/Hold.uasset" 1722
"D:/Unreal Projects/forest1/Content/lib/blue_prints/UI/picture/Hold.uexp" 1723
"D:/Unreal Projects/forest1/Content/lib/blue_prints/UI/picture/_S_.uasset" 1724
"D:/Unreal Projects/forest1/Content/lib/blue_prints/UI/picture/_S_.uexp" 1725
"D:/Unreal Projects/forest1/Content/lib/blue_prints/UI/picture/_W_.uasset" 1726
"D:/Unreal Projects/forest1/Content/lib/blue_prints/UI/picture/_W_.uexp" 1727
"D:/Unreal Projects/forest1/Content/lib/blue_prints/UI/picture/Climb.uasset" 1728
"D:/Unreal Projects/forest1/Content/lib/blue_prints/UI/picture/Climb.uexp" 1729
"D:/Unreal Projects/forest1/Content/lib/blue_prints/UI/picture/_R_.uasset" 1730
"D:/Unreal Projects/forest1/Content/lib/blue_prints/UI/picture/_R_.uexp" 1731
"D:/Unreal Projects/forest1/Content/lib/blue_prints/UI/Teaching_climb.uasset" 1732
"D:/Unreal Projects/forest1/Content/lib/blue_prints/UI/Teaching_climb.uexp" 1733
"D:/Unreal Projects/forest1/Content/lib/blue_prints/UI/teach_climb.uasset" 1734
"D:/Unreal Projects/forest1/Content/lib/blue_prints/UI/teach_climb.uexp" 1735
"D:/Unreal Projects/forest1/Content/lib/level/_GENERATED/22626/Boolean_C783D51A.ubulk" 1736
"D:/Unreal Projects/forest1/Content/lib/level/_GENERATED/22626/Boolean_C783D51A.uasset" 1737
"D:/Unreal Projects/forest1/Content/lib/level/_GENERATED/22626/Boolean_C783D51A.uexp" 1738
"D:/Unreal Projects/forest1/Content/lib/blue_prints/elements/water.uasset" 1739
"D:/Unreal Projects/forest1/Content/lib/blue_prints/elements/water.uexp" 1740
"D:/Unreal Projects/forest1/Content/lib/blue_prints/UI/picture/Move.uasset" 1741
"D:/Unreal Projects/forest1/Content/lib/blue_prints/UI/picture/Move.uexp" 1742
"D:/Unreal Projects/forest1/Content/lib/blue_prints/UI/picture/_D_.uasset" 1743
"D:/Unreal Projects/forest1/Content/lib/blue_prints/UI/picture/_D_.uexp" 1744
"D:/Unreal Projects/forest1/Content/lib/blue_prints/UI/picture/_A_.uasset" 1745
"D:/Unreal Projects/forest1/Content/lib/blue_prints/UI/picture/_A_.uexp" 1746
"D:/Unreal Projects/forest1/Content/lib/blue_prints/UI/Teaching_wsad.uasset" 1747
"D:/Unreal Projects/forest1/Content/lib/blue_prints/UI/Teaching_wsad.uexp" 1748
"D:/Unreal Projects/forest1/Content/lib/animation/Bridge_fall.uasset" 1749
"D:/Unreal Projects/forest1/Content/lib/animation/Bridge_fall.uexp" 1750
"D:/Unreal Projects/forest1/Content/lib/model/StylizedChineseTemple/Environments/BellTower/Textures/T_MiddlePart_D.ubulk" 1751
"D:/Unreal Projects/forest1/Content/lib/model/StylizedChineseTemple/Environments/BellTower/Textures/T_MiddlePart_D.uasset" 1752
"D:/Unreal Projects/forest1/Content/lib/model/StylizedChineseTemple/Environments/BellTower/Textures/T_MiddlePart_D.uexp" 1753
"D:/Unreal Projects/forest1/Content/lib/model/StylizedChineseTemple/Environments/BellTower/Textures/T_MiddlePart_N.ubulk" 1754
"D:/Unreal Projects/forest1/Content/lib/model/StylizedChineseTemple/Environments/BellTower/Textures/T_MiddlePart_N.uasset" 1755
"D:/Unreal Projects/forest1/Content/lib/model/StylizedChineseTemple/Environments/BellTower/Textures/T_MiddlePart_N.uexp" 1756
"D:/Unreal Projects/forest1/Content/lib/model/StylizedChineseTemple/Environments/BellTower/Textures/T_MiddlePart_ORM.ubulk" 1757
"D:/Unreal Projects/forest1/Content/lib/model/StylizedChineseTemple/Environments/BellTower/Textures/T_MiddlePart_ORM.uasset" 1758
"D:/Unreal Projects/forest1/Content/lib/model/StylizedChineseTemple/Environments/BellTower/Textures/T_MiddlePart_ORM.uexp" 1759
"D:/Unreal Projects/forest1/Content/lib/model/StylizedChineseTemple/Environments/BellTower/Textures/MM_Tower3.uasset" 1760
"D:/Unreal Projects/forest1/Content/lib/model/StylizedChineseTemple/Environments/BellTower/Textures/MM_Tower3.uexp" 1761
"D:/Unreal Projects/forest1/Content/lib/model/StylizedChineseTemple/Environments/BellTower/Textures/T_ChineseTempleBottomPart_N.ubulk" 1762
"D:/Unreal Projects/forest1/Content/lib/model/StylizedChineseTemple/Environments/BellTower/Textures/T_ChineseTempleBottomPart_N.uasset" 1763
"D:/Unreal Projects/forest1/Content/lib/model/StylizedChineseTemple/Environments/BellTower/Textures/T_ChineseTempleBottomPart_N.uexp" 1764
"D:/Unreal Projects/forest1/Content/lib/model/StylizedChineseTemple/Environments/BellTower/Textures/T_ChineseTempleBottomPart_D.ubulk" 1765
"D:/Unreal Projects/forest1/Content/lib/model/StylizedChineseTemple/Environments/BellTower/Textures/T_ChineseTempleBottomPart_D.uasset" 1766
"D:/Unreal Projects/forest1/Content/lib/model/StylizedChineseTemple/Environments/BellTower/Textures/T_ChineseTempleBottomPart_D.uexp" 1767
"D:/Unreal Projects/forest1/Content/lib/model/StylizedChineseTemple/Environments/BellTower/Textures/T_ChineseTempleBottomPart_ORM.ubulk" 1768
"D:/Unreal Projects/forest1/Content/lib/model/StylizedChineseTemple/Environments/BellTower/Textures/T_ChineseTempleBottomPart_ORM.uasset" 1769
"D:/Unreal Projects/forest1/Content/lib/model/StylizedChineseTemple/Environments/BellTower/Textures/T_ChineseTempleBottomPart_ORM.uexp" 1770
"D:/Unreal Projects/forest1/Content/lib/model/StylizedChineseTemple/Environments/BellTower/Textures/MM_Tower1.uasset" 1771
"D:/Unreal Projects/forest1/Content/lib/model/StylizedChineseTemple/Environments/BellTower/Textures/MM_Tower1.uexp" 1772
"D:/Unreal Projects/forest1/Content/lib/model/StylizedChineseTemple/Environments/BellTower/Textures/T_TopPart_N.ubulk" 1773
"D:/Unreal Projects/forest1/Content/lib/model/StylizedChineseTemple/Environments/BellTower/Textures/T_TopPart_N.uasset" 1774
"D:/Unreal Projects/forest1/Content/lib/model/StylizedChineseTemple/Environments/BellTower/Textures/T_TopPart_N.uexp" 1775
"D:/Unreal Projects/forest1/Content/lib/model/StylizedChineseTemple/Environments/BellTower/Textures/T_TopPart_D.ubulk" 1776
"D:/Unreal Projects/forest1/Content/lib/model/StylizedChineseTemple/Environments/BellTower/Textures/T_TopPart_D.uasset" 1777
"D:/Unreal Projects/forest1/Content/lib/model/StylizedChineseTemple/Environments/BellTower/Textures/T_TopPart_D.uexp" 1778
"D:/Unreal Projects/forest1/Content/lib/model/StylizedChineseTemple/Environments/BellTower/Textures/T_TopPart_ORM.ubulk" 1779
"D:/Unreal Projects/forest1/Content/lib/model/StylizedChineseTemple/Environments/BellTower/Textures/T_TopPart_ORM.uasset" 1780
"D:/Unreal Projects/forest1/Content/lib/model/StylizedChineseTemple/Environments/BellTower/Textures/T_TopPart_ORM.uexp" 1781
"D:/Unreal Projects/forest1/Content/lib/model/StylizedChineseTemple/Environments/BellTower/Textures/MM_Tower4.uasset" 1782
"D:/Unreal Projects/forest1/Content/lib/model/StylizedChineseTemple/Environments/BellTower/Textures/MM_Tower4.uexp" 1783
"D:/Unreal Projects/forest1/Content/lib/level/_GENERATED/Admin/Boolean_57BD7B2A.ubulk" 1784
"D:/Unreal Projects/forest1/Content/lib/level/_GENERATED/Admin/Boolean_57BD7B2A.uasset" 1785
"D:/Unreal Projects/forest1/Content/lib/level/_GENERATED/Admin/Boolean_57BD7B2A.uexp" 1786
"D:/Unreal Projects/forest1/Content/lib/model/Stone_Island/Bang_mau-01_Mat.uasset" 1787
"D:/Unreal Projects/forest1/Content/lib/model/Stone_Island/Bang_mau-01_Mat.uexp" 1788
"D:/Unreal Projects/forest1/Content/lib/model/Stone_Island/Plane_065.ubulk" 1789
"D:/Unreal Projects/forest1/Content/lib/model/Stone_Island/Plane_065.uasset" 1790
"D:/Unreal Projects/forest1/Content/lib/model/Stone_Island/Plane_065.uexp" 1791
"D:/Unreal Projects/forest1/Content/lib/BGM/31412978345-1-16.ubulk" 1792
"D:/Unreal Projects/forest1/Content/lib/BGM/31412978345-1-16.uasset" 1793
"D:/Unreal Projects/forest1/Content/lib/BGM/31412978345-1-16.uexp" 1794
"D:/Unreal Projects/forest1/Content/lib/model/StylizedChineseTemple/Environments/Grass_Bush/Textures/T_Bush_N.ubulk" 1795
"D:/Unreal Projects/forest1/Content/lib/model/StylizedChineseTemple/Environments/Grass_Bush/Textures/T_Bush_N.uasset" 1796
"D:/Unreal Projects/forest1/Content/lib/model/StylizedChineseTemple/Environments/Grass_Bush/Textures/T_Bush_N.uexp" 1797
"D:/Unreal Projects/forest1/Content/lib/model/StylizedChineseTemple/Environments/Grass_Bush/Textures/T_Bush_D.ubulk" 1798
"D:/Unreal Projects/forest1/Content/lib/model/StylizedChineseTemple/Environments/Grass_Bush/Textures/T_Bush_D.uasset" 1799
"D:/Unreal Projects/forest1/Content/lib/model/StylizedChineseTemple/Environments/Grass_Bush/Textures/T_Bush_D.uexp" 1800
"D:/Unreal Projects/forest1/Content/lib/model/StylizedChineseTemple/Environments/Grass_Bush/Textures/T_Bush_ORM.ubulk" 1801
"D:/Unreal Projects/forest1/Content/lib/model/StylizedChineseTemple/Environments/Grass_Bush/Textures/T_Bush_ORM.uasset" 1802
"D:/Unreal Projects/forest1/Content/lib/model/StylizedChineseTemple/Environments/Grass_Bush/Textures/T_Bush_ORM.uexp" 1803
"D:/Unreal Projects/forest1/Content/lib/model/StylizedChineseTemple/Environments/Grass_Bush/Textures/MM_bush.uasset" 1804
"D:/Unreal Projects/forest1/Content/lib/model/StylizedChineseTemple/Environments/Grass_Bush/Textures/MM_bush.uexp" 1805
"D:/Unreal Projects/forest1/Content/lib/model/StylizedChineseTemple/Environments/Grass_Bush/SM_Bush_01.ubulk" 1806
"D:/Unreal Projects/forest1/Content/lib/model/StylizedChineseTemple/Environments/Grass_Bush/SM_Bush_01.uasset" 1807
"D:/Unreal Projects/forest1/Content/lib/model/StylizedChineseTemple/Environments/Grass_Bush/SM_Bush_01.uexp" 1808
"D:/Unreal Projects/forest1/Content/lib/model/StylizedChineseTemple/Environments/Stair/SM_StoneLamp_001.ubulk" 1809
"D:/Unreal Projects/forest1/Content/lib/model/StylizedChineseTemple/Environments/Stair/SM_StoneLamp_001.uasset" 1810
"D:/Unreal Projects/forest1/Content/lib/model/StylizedChineseTemple/Environments/Stair/SM_StoneLamp_001.uexp" 1811
"D:/Unreal Projects/forest1/Content/lib/model/Stone_Island/BigROCK_019.ubulk" 1812
"D:/Unreal Projects/forest1/Content/lib/model/Stone_Island/BigROCK_019.uasset" 1813
"D:/Unreal Projects/forest1/Content/lib/model/Stone_Island/BigROCK_019.uexp" 1814
"D:/Unreal Projects/forest1/Content/lib/model/StylizedChineseTemple/Environments/Stair/Textures/T_Stair_N.ubulk" 1815
"D:/Unreal Projects/forest1/Content/lib/model/StylizedChineseTemple/Environments/Stair/Textures/T_Stair_N.uasset" 1816
"D:/Unreal Projects/forest1/Content/lib/model/StylizedChineseTemple/Environments/Stair/Textures/T_Stair_N.uexp" 1817
"D:/Unreal Projects/forest1/Content/lib/model/StylizedChineseTemple/Environments/Stair/Textures/T_Stair_ORME.ubulk" 1818
"D:/Unreal Projects/forest1/Content/lib/model/StylizedChineseTemple/Environments/Stair/Textures/T_Stair_ORME.uasset" 1819
"D:/Unreal Projects/forest1/Content/lib/model/StylizedChineseTemple/Environments/Stair/Textures/T_Stair_ORME.uexp" 1820
"D:/Unreal Projects/forest1/Content/lib/model/StylizedChineseTemple/Environments/Stair/Textures/T_Stair_D.ubulk" 1821
"D:/Unreal Projects/forest1/Content/lib/model/StylizedChineseTemple/Environments/Stair/Textures/T_Stair_D.uasset" 1822
"D:/Unreal Projects/forest1/Content/lib/model/StylizedChineseTemple/Environments/Stair/Textures/T_Stair_D.uexp" 1823
"D:/Unreal Projects/forest1/Content/lib/model/StylizedChineseTemple/Environments/Stair/Textures/MM_stair.uasset" 1824
"D:/Unreal Projects/forest1/Content/lib/model/StylizedChineseTemple/Environments/Stair/Textures/MM_stair.uexp" 1825
"D:/Unreal Projects/forest1/Content/lib/model/StylizedChineseTemple/Environments/Trees/SM_Tree_03.ubulk" 1826
"D:/Unreal Projects/forest1/Content/lib/model/StylizedChineseTemple/Environments/Trees/SM_Tree_03.uasset" 1827
"D:/Unreal Projects/forest1/Content/lib/model/StylizedChineseTemple/Environments/Trees/SM_Tree_03.uexp" 1828
"D:/Unreal Projects/forest1/Content/lib/blue_prints/UI/Magic.uasset" 1829
"D:/Unreal Projects/forest1/Content/lib/blue_prints/UI/Magic.uexp" 1830
"D:/Unreal Projects/forest1/Content/lib/blue_prints/UI/EightTrigrams.uasset" 1831
"D:/Unreal Projects/forest1/Content/lib/blue_prints/UI/EightTrigrams.uexp" 1832
"D:/Unreal Projects/forest1/Content/lib/animation/SoilAnimation.uasset" 1833
"D:/Unreal Projects/forest1/Content/lib/animation/SoilAnimation.uexp" 1834
"D:/Unreal Projects/forest1/Content/lib/animation/MetalAnimation.uasset" 1835
"D:/Unreal Projects/forest1/Content/lib/animation/MetalAnimation.uexp" 1836
"D:/Unreal Projects/forest1/Content/lib/blue_prints/elements/soil.uasset" 1837
"D:/Unreal Projects/forest1/Content/lib/blue_prints/elements/soil.uexp" 1838
"D:/Unreal Projects/forest1/Content/lib/animation/WoodAnimation.uasset" 1839
"D:/Unreal Projects/forest1/Content/lib/animation/WoodAnimation.uexp" 1840
"D:/Unreal Projects/forest1/Content/lib/blue_prints/elements/fire.uasset" 1841
"D:/Unreal Projects/forest1/Content/lib/blue_prints/elements/fire.uexp" 1842
"D:/Unreal Projects/forest1/Content/lib/blue_prints/UI/picture/LeftMouse.uasset" 1843
"D:/Unreal Projects/forest1/Content/lib/blue_prints/UI/picture/LeftMouse.uexp" 1844
"D:/Unreal Projects/forest1/Content/lib/blue_prints/UI/picture/PickUpElements.uasset" 1845
"D:/Unreal Projects/forest1/Content/lib/blue_prints/UI/picture/PickUpElements.uexp" 1846
"D:/Unreal Projects/forest1/Content/lib/blue_prints/UI/picture/LegGoOfElements.uasset" 1847
"D:/Unreal Projects/forest1/Content/lib/blue_prints/UI/picture/LegGoOfElements.uexp" 1848
"D:/Unreal Projects/forest1/Content/lib/blue_prints/UI/Teaching_others.uasset" 1849
"D:/Unreal Projects/forest1/Content/lib/blue_prints/UI/Teaching_others.uexp" 1850
"D:/Unreal Projects/forest1/Content/lib/model/StylizedChineseTemple/Environments/StoneBridge/Textures/T_StoneBridge_ORM.ubulk" 1851
"D:/Unreal Projects/forest1/Content/lib/model/StylizedChineseTemple/Environments/StoneBridge/Textures/T_StoneBridge_ORM.uasset" 1852
"D:/Unreal Projects/forest1/Content/lib/model/StylizedChineseTemple/Environments/StoneBridge/Textures/T_StoneBridge_ORM.uexp" 1853
"D:/Unreal Projects/forest1/Content/lib/model/StylizedChineseTemple/Environments/StoneBridge/Textures/T_StoneBridge_D.ubulk" 1854
"D:/Unreal Projects/forest1/Content/lib/model/StylizedChineseTemple/Environments/StoneBridge/Textures/T_StoneBridge_D.uasset" 1855
"D:/Unreal Projects/forest1/Content/lib/model/StylizedChineseTemple/Environments/StoneBridge/Textures/T_StoneBridge_D.uexp" 1856
"D:/Unreal Projects/forest1/Content/lib/model/StylizedChineseTemple/Environments/StoneBridge/Textures/T_StoneBridge_N.ubulk" 1857
"D:/Unreal Projects/forest1/Content/lib/model/StylizedChineseTemple/Environments/StoneBridge/Textures/T_StoneBridge_N.uasset" 1858
"D:/Unreal Projects/forest1/Content/lib/model/StylizedChineseTemple/Environments/StoneBridge/Textures/T_StoneBridge_N.uexp" 1859
"D:/Unreal Projects/forest1/Content/lib/model/StylizedChineseTemple/Environments/StoneBridge/Textures/MM_StoneBridge.uasset" 1860
"D:/Unreal Projects/forest1/Content/lib/model/StylizedChineseTemple/Environments/StoneBridge/Textures/MM_StoneBridge.uexp" 1861
"D:/Unreal Projects/forest1/Content/lib/model/StylizedChineseTemple/Environments/StoneBridge/SM_StoneBridge.ubulk" 1862
"D:/Unreal Projects/forest1/Content/lib/model/StylizedChineseTemple/Environments/StoneBridge/SM_StoneBridge.uasset" 1863
"D:/Unreal Projects/forest1/Content/lib/model/StylizedChineseTemple/Environments/StoneBridge/SM_StoneBridge.uexp" 1864
"D:/Unreal Projects/forest1/Content/lib/blue_prints/Key_prompt/Element_move.uasset" 1865
"D:/Unreal Projects/forest1/Content/lib/blue_prints/Key_prompt/Element_move.uexp" 1866
"D:/Unreal Projects/forest1/Content/lib/animation/FireAnimation.uasset" 1867
"D:/Unreal Projects/forest1/Content/lib/animation/FireAnimation.uexp" 1868
"D:/Unreal Projects/forest1/Content/lib/blue_prints/elements/wood.uasset" 1869
"D:/Unreal Projects/forest1/Content/lib/blue_prints/elements/wood.uexp" 1870
"D:/Unreal Projects/forest1/Content/lib/model/StylizedChineseTemple/Environments/Stair/SM_RoundStair.ubulk" 1871
"D:/Unreal Projects/forest1/Content/lib/model/StylizedChineseTemple/Environments/Stair/SM_RoundStair.uasset" 1872
"D:/Unreal Projects/forest1/Content/lib/model/StylizedChineseTemple/Environments/Stair/SM_RoundStair.uexp" 1873
"D:/Unreal Projects/forest1/Content/lib/blue_prints/elements/BP_alchemy_furnace.uasset" 1874
"D:/Unreal Projects/forest1/Content/lib/blue_prints/elements/BP_alchemy_furnace.uexp" 1875
"D:/Unreal Projects/forest1/Content/lib/model/Stone_Island/Rock_030.ubulk" 1876
"D:/Unreal Projects/forest1/Content/lib/model/Stone_Island/Rock_030.uasset" 1877
"D:/Unreal Projects/forest1/Content/lib/model/Stone_Island/Rock_030.uexp" 1878
"D:/Unreal Projects/forest1/Content/lib/model/Stone_Island/Plane_051.ubulk" 1879
"D:/Unreal Projects/forest1/Content/lib/model/Stone_Island/Plane_051.uasset" 1880
"D:/Unreal Projects/forest1/Content/lib/model/Stone_Island/Plane_051.uexp" 1881
"D:/Unreal Projects/forest1/Content/lib/model/Stone_Island/Cube_007.ubulk" 1882
"D:/Unreal Projects/forest1/Content/lib/model/Stone_Island/Cube_007.uasset" 1883
"D:/Unreal Projects/forest1/Content/lib/model/Stone_Island/Cube_007.uexp" 1884
"D:/Unreal Projects/forest1/Content/lib/level/Level_1.uexp" 1885
"D:/Unreal Projects/forest1/Content/lib/level/Level_1.umap" 1886
"D:/Unreal Projects/forest1/Content/lib/blue_prints/UI/Start_game.uasset" 1887
"D:/Unreal Projects/forest1/Content/lib/blue_prints/UI/Start_game.uexp" 1888
"D:/Unreal Projects/forest1/Content/lib/level/Game_Start.uexp" 1889
"D:/Unreal Projects/forest1/Content/lib/level/Game_Start.umap" 1890
"../../../Engine/Content/Maps/Entry_BuiltData.uasset" 1891
"../../../Engine/Content/Maps/Entry_BuiltData.uexp" 1892
"../../../Engine/Content/Maps/Entry.uexp" 1893
"../../../Engine/Content/Maps/Entry.umap" 1894
